game,winner,timeout,adjudicated_timeout,target_value_strength,steps,walls,invalid_moves,examples_generated,replay_size,policy_loss,value_loss,total_loss,best_value_loss,avg_root_max_visit_ratio,action_temperature,temperature_after_drop,temperature_drop_step,target_policy_temperature,num_simulations,mcts_batch_size
1,2,0,0,1.0,22,8,0,22,22,1.573594,0.628901,2.202495,0.628901,0.74852,0.0,0.0,8,1.0,600,1
2,1,0,0,1.0,23,8,0,23,45,1.492131,0.598861,2.090991,0.598861,0.74755,0.0,0.0,8,1.0,600,1
3,1,0,0,1.0,7,3,0,7,52,1.389908,0.398664,1.788572,0.398664,0.695206,1.0,0.0,8,1.0,600,1
4,2,0,0,1.0,8,4,0,8,60,1.403521,0.361757,1.765278,0.361757,0.652337,1.0,0.0,8,1.0,600,1
5,1,0,0,1.0,9,3,0,9,69,1.387846,0.399885,1.787732,0.361757,0.69783,0.0,0.0,8,1.0,600,1
6,1,0,0,1.0,59,8,0,59,128,1.437394,0.727301,2.164695,0.361757,0.70049,0.0,0.0,8,1.0,600,1
7,1,0,0,1.0,17,7,0,17,145,1.356651,0.26131,1.617961,0.26131,0.678287,0.0,0.0,8,1.0,600,1
8,1,0,0,1.0,19,7,0,19,164,1.393497,0.342577,1.736073,0.26131,0.792549,0.0,0.0,8,1.0,600,1
9,2,0,0,1.0,18,7,0,18,182,1.475947,0.459657,1.935604,0.26131,0.70933,0.0,0.0,8,1.0,600,1
10,1,0,0,1.0,17,6,0,17,199,1.328309,0.382077,1.710386,0.26131,0.686438,0.0,0.0,8,1.0,600,1
11,1,0,0,1.0,13,6,0,13,212,1.44121,0.273962,1.715173,0.26131,0.542057,0.0,0.0,8,1.0,600,1
12,1,0,0,1.0,21,6,0,21,233,1.534521,0.246418,1.780939,0.246418,0.649972,0.0,0.0,8,1.0,600,1
13,1,0,0,1.0,21,7,0,21,254,1.449956,0.171304,1.62126,0.171304,0.727244,0.0,0.0,8,1.0,600,1
14,1,0,0,1.0,9,5,0,9,263,1.547655,0.179247,1.726902,0.171304,0.608792,0.0,0.0,8,1.0,600,1
15,2,0,0,1.0,12,6,0,12,275,1.511813,0.229134,1.740946,0.171304,0.661519,0.0,0.0,8,1.0,600,1
16,1,0,0,1.0,9,5,0,9,284,1.544949,0.307917,1.852866,0.171304,0.662957,0.0,0.0,8,1.0,600,1
17,2,0,0,1.0,6,2,0,6,290,1.542223,0.42127,1.963493,0.171304,0.720646,1.0,0.0,8,1.0,600,1
18,2,0,0,1.0,18,8,0,18,308,1.44676,0.487731,1.934491,0.171304,0.592283,0.0,0.0,8,1.0,600,1
19,1,0,0,1.0,19,7,0,19,327,1.47682,0.337918,1.814738,0.171304,0.713382,0.0,0.0,8,1.0,600,1
20,2,0,0,1.0,18,7,0,18,345,1.526297,0.5554,2.081697,0.171304,0.621499,0.0,0.0,8,1.0,600,1
21,1,0,0,1.0,25,8,0,25,370,1.501879,0.512192,2.014071,0.171304,0.678998,0.0,0.0,8,1.0,600,1
22,1,0,0,1.0,17,6,0,17,387,1.421296,0.369298,1.790594,0.171304,0.592556,0.0,0.0,8,1.0,600,1
23,2,0,0,1.0,14,5,0,14,401,1.525432,0.5187,2.044132,0.171304,0.777248,0.0,0.0,8,1.0,600,1
24,1,0,0,1.0,25,7,0,25,426,1.594432,0.370439,1.964871,0.171304,0.568414,0.0,0.0,8,1.0,600,1
25,1,0,0,1.0,25,8,0,25,451,1.529802,0.479586,2.009388,0.171304,0.63606,0.0,0.0,8,1.0,600,1
26,2,0,0,1.0,16,6,0,16,467,1.553375,0.332104,1.885479,0.171304,0.670284,0.0,0.0,8,1.0,600,1
27,2,0,0,1.0,26,8,0,26,493,1.442979,0.317466,1.760445,0.171304,0.719212,0.0,0.0,8,1.0,600,1
28,1,0,0,1.0,17,5,0,17,510,1.451582,0.318049,1.76963,0.171304,0.665717,0.0,0.0,8,1.0,600,1
29,1,0,0,1.0,25,8,0,25,535,1.49974,0.310683,1.810423,0.171304,0.713055,0.0,0.0,8,1.0,600,1
30,1,0,0,1.0,23,8,0,23,558,1.45862,0.333071,1.791691,0.171304,0.752994,0.0,0.0,8,1.0,600,1
31,2,0,0,1.0,24,6,0,24,582,1.419666,0.360569,1.780236,0.171304,0.639677,0.0,0.0,8,1.0,600,1
32,1,0,0,1.0,19,8,0,19,601,1.495307,0.307732,1.803039,0.171304,0.665495,0.0,0.0,8,1.0,600,1
33,1,0,0,1.0,13,5,0,13,614,1.470829,0.409809,1.880638,0.171304,0.645563,0.0,0.0,8,1.0,600,1
34,1,0,0,1.0,19,6,0,19,633,1.379035,0.24713,1.626165,0.171304,0.635972,0.0,0.0,8,1.0,600,1
35,2,0,0,1.0,14,8,0,14,647,1.578051,0.266633,1.844683,0.171304,0.72943,0.0,0.0,8,1.0,600,1
36,2,0,0,1.0,20,7,0,20,667,1.414247,0.340142,1.754389,0.171304,0.716861,0.0,0.0,8,1.0,600,1
37,1,0,0,1.0,5,1,0,5,672,1.515863,0.266136,1.781998,0.171304,0.719866,1.0,0.0,8,1.0,600,1
38,2,0,0,1.0,24,7,0,24,696,1.510275,0.276641,1.786916,0.171304,0.702142,0.0,0.0,8,1.0,600,1
39,1,0,0,1.0,15,6,0,15,711,1.433011,0.264473,1.697484,0.171304,0.723428,0.0,0.0,8,1.0,600,1
40,2,0,0,1.0,24,7,0,24,735,1.396168,0.362866,1.759033,0.171304,0.71515,0.0,0.0,8,1.0,600,1
41,2,0,0,1.0,16,6,0,16,751,1.511168,0.371173,1.882341,0.171304,0.745513,0.0,0.0,8,1.0,600,1
42,1,0,0,1.0,21,7,0,21,772,1.42384,0.298726,1.722566,0.171304,0.770252,0.0,0.0,8,1.0,600,1
43,1,0,0,1.0,9,5,0,9,781,1.387321,0.387654,1.774975,0.171304,0.617882,0.0,0.0,8,1.0,600,1
44,2,0,0,1.0,16,8,0,16,797,1.393849,0.481768,1.875617,0.171304,0.683326,0.0,0.0,8,1.0,600,1
45,2,0,0,1.0,14,8,0,14,811,1.493005,0.299193,1.792198,0.171304,0.722394,0.0,0.0,8,1.0,600,1
46,1,0,0,1.0,19,7,0,19,830,1.551183,0.2861,1.837283,0.171304,0.650119,0.0,0.0,8,1.0,600,1
47,1,0,0,1.0,23,8,0,23,853,1.480072,0.376128,1.8562,0.171304,0.694491,0.0,0.0,8,1.0,600,1
48,1,0,0,1.0,13,7,0,13,866,1.265183,0.318314,1.583497,0.171304,0.715552,0.0,0.0,8,1.0,600,1
49,2,0,0,1.0,22,8,0,22,888,1.454587,0.360616,1.815203,0.171304,0.803992,0.0,0.0,8,1.0,600,1
50,2,0,0,1.0,18,7,0,18,906,1.371782,0.375566,1.747348,0.171304,0.728993,0.0,0.0,8,1.0,600,1
51,2,0,0,1.0,16,5,0,16,922,1.460765,0.496444,1.957209,0.171304,0.684578,0.0,0.0,8,1.0,600,1
52,1,0,0,1.0,15,7,0,15,937,1.47541,0.289845,1.765255,0.171304,0.716416,0.0,0.0,8,1.0,600,1
53,2,0,0,1.0,26,8,0,26,963,1.413638,0.383261,1.796899,0.171304,0.749133,0.0,0.0,8,1.0,600,1
54,1,0,0,1.0,17,7,0,17,980,1.33092,0.303132,1.634053,0.171304,0.692036,0.0,0.0,8,1.0,600,1
55,2,0,0,1.0,26,8,0,26,1006,1.243713,0.365096,1.608809,0.171304,0.760819,0.0,0.0,8,1.0,600,1
56,2,0,0,1.0,18,8,0,18,1024,1.468817,0.44491,1.913727,0.171304,0.70562,0.0,0.0,8,1.0,600,1
57,1,0,0,1.0,9,5,0,9,1033,1.362986,0.393095,1.756081,0.171304,0.661287,0.0,0.0,8,1.0,600,1
58,2,1,1,0.3,70,7,0,70,1103,1.520575,0.294944,1.815519,0.171304,0.637658,0.0,0.0,8,1.0,600,1
59,1,0,0,1.0,15,7,0,15,1118,1.356094,0.347613,1.703707,0.171304,0.714858,0.0,0.0,8,1.0,600,1
60,2,0,0,1.0,14,7,0,14,1132,1.439211,0.449916,1.889127,0.171304,0.660863,0.0,0.0,8,1.0,600,1
61,1,0,0,1.0,17,7,0,17,1149,1.513387,0.437695,1.951082,0.171304,0.713346,0.0,0.0,8,1.0,600,1
62,2,0,0,1.0,20,6,0,20,1169,1.476749,0.326919,1.803668,0.171304,0.75576,0.0,0.0,8,1.0,600,1
63,2,0,0,1.0,18,7,0,18,1187,1.51251,0.343554,1.856064,0.171304,0.677147,0.0,0.0,8,1.0,600,1
64,2,0,0,1.0,16,6,0,16,1203,1.4475,0.316591,1.764091,0.171304,0.64399,0.0,0.0,8,1.0,600,1
65,2,0,0,1.0,22,7,0,22,1225,1.327029,0.327954,1.654983,0.171304,0.675823,0.0,0.0,8,1.0,600,1
66,1,0,0,1.0,17,6,0,17,1242,1.345161,0.365789,1.71095,0.171304,0.711873,0.0,0.0,8,1.0,600,1
67,2,0,0,1.0,16,6,0,16,1258,1.422531,0.307074,1.729604,0.171304,0.678631,0.0,0.0,8,1.0,600,1
68,1,0,0,1.0,17,6,0,17,1275,1.490892,0.278407,1.769299,0.171304,0.700678,0.0,0.0,8,1.0,600,1
69,1,0,0,1.0,15,5,0,15,1290,1.465016,0.396736,1.861752,0.171304,0.705064,0.0,0.0,8,1.0,600,1
70,1,0,0,1.0,15,4,0,15,1305,1.516748,0.311892,1.82864,0.171304,0.701725,0.0,0.0,8,1.0,600,1
71,1,0,0,1.0,21,7,0,21,1326,1.273657,0.383397,1.657055,0.171304,0.740202,0.0,0.0,8,1.0,600,1
72,1,0,0,1.0,27,8,0,27,1353,1.392689,0.297436,1.690125,0.171304,0.819514,0.0,0.0,8,1.0,600,1
73,2,0,0,1.0,24,8,0,24,1377,1.43397,0.371599,1.80557,0.171304,0.761895,0.0,0.0,8,1.0,600,1
74,1,0,0,1.0,27,8,0,27,1404,1.42355,0.376641,1.800191,0.171304,0.771656,0.0,0.0,8,1.0,600,1
75,2,0,0,1.0,16,6,0,16,1420,1.358261,0.349417,1.707678,0.171304,0.71129,0.0,0.0,8,1.0,600,1
76,1,0,0,1.0,21,6,0,21,1441,1.377275,0.328567,1.705842,0.171304,0.734081,0.0,0.0,8,1.0,600,1
77,1,0,0,1.0,29,7,0,29,1470,1.401789,0.322621,1.72441,0.171304,0.753612,0.0,0.0,8,1.0,600,1
78,1,0,0,1.0,29,7,0,29,1499,1.430237,0.297687,1.727924,0.171304,0.670485,0.0,0.0,8,1.0,600,1
79,1,0,0,1.0,19,8,0,19,1518,1.369685,0.418056,1.78774,0.171304,0.785695,0.0,0.0,8,1.0,600,1
80,2,0,0,1.0,18,8,0,18,1536,1.35071,0.483136,1.833846,0.171304,0.658134,0.0,0.0,8,1.0,600,1
81,2,0,0,1.0,18,7,0,18,1554,1.363318,0.296596,1.659914,0.171304,0.717492,0.0,0.0,8,1.0,600,1
82,1,0,0,1.0,15,7,0,15,1569,1.351557,0.353332,1.704888,0.171304,0.675348,0.0,0.0,8,1.0,600,1
83,1,0,0,1.0,19,7,0,19,1588,1.506633,0.361771,1.868403,0.171304,0.638608,0.0,0.0,8,1.0,600,1
84,2,0,0,1.0,14,6,0,14,1602,1.458978,0.378325,1.837303,0.171304,0.690436,0.0,0.0,8,1.0,600,1
85,2,0,0,1.0,16,6,0,16,1618,1.56839,0.416923,1.985313,0.171304,0.625835,0.0,0.0,8,1.0,600,1
86,1,0,0,1.0,19,5,0,19,1637,1.406692,0.404749,1.811441,0.171304,0.566295,0.0,0.0,8,1.0,600,1
87,2,0,0,1.0,24,7,0,24,1661,1.527777,0.312364,1.840141,0.171304,0.741861,0.0,0.0,8,1.0,600,1
88,1,0,0,1.0,15,7,0,15,1676,1.441425,0.318281,1.759706,0.171304,0.630273,0.0,0.0,8,1.0,600,1
89,1,0,0,1.0,15,7,0,15,1691,1.30637,0.364356,1.670726,0.171304,0.646745,0.0,0.0,8,1.0,600,1
90,1,0,0,1.0,9,1,0,9,1700,1.331485,0.365308,1.696793,0.171304,0.790206,0.0,0.0,8,1.0,600,1
91,1,0,0,1.0,31,8,0,31,1731,1.455564,0.458974,1.914537,0.171304,0.788518,0.0,0.0,8,1.0,600,1
92,2,0,0,1.0,16,7,0,16,1747,1.384213,0.402934,1.787147,0.171304,0.733097,0.0,0.0,8,1.0,600,1
93,1,0,0,1.0,31,6,0,31,1778,1.541234,0.384201,1.925435,0.171304,0.7037,0.0,0.0,8,1.0,600,1
94,2,0,0,1.0,20,8,0,20,1798,1.47178,0.423416,1.895195,0.171304,0.781886,0.0,0.0,8,1.0,600,1
95,2,0,0,1.0,28,8,0,28,1826,1.380499,0.438124,1.818623,0.171304,0.740639,0.0,0.0,8,1.0,600,1
96,1,0,0,1.0,19,7,0,19,1845,1.420557,0.295788,1.716345,0.171304,0.74598,0.0,0.0,8,1.0,600,1
97,2,0,0,1.0,16,6,0,16,1861,1.429395,0.369021,1.798417,0.171304,0.679779,0.0,0.0,8,1.0,600,1
98,1,0,0,1.0,17,7,0,17,1878,1.432803,0.314502,1.747305,0.171304,0.689875,0.0,0.0,8,1.0,600,1
99,2,0,0,1.0,16,8,0,16,1894,1.388899,0.403366,1.792265,0.171304,0.765755,0.0,0.0,8,1.0,600,1
100,2,0,0,1.0,18,6,0,18,1912,1.345861,0.316035,1.661896,0.171304,0.764608,0.0,0.0,8,1.0,600,1
101,1,0,0,1.0,19,8,0,19,1931,1.345873,0.351586,1.697459,0.171304,0.799227,0.0,0.0,8,1.0,600,1
102,1,0,0,1.0,13,6,0,13,1944,1.442523,0.264014,1.706537,0.171304,0.752793,0.0,0.0,8,1.0,600,1
103,1,0,0,1.0,25,7,0,25,1969,1.459709,0.289533,1.749242,0.171304,0.705643,0.0,0.0,8,1.0,600,1
104,2,0,0,1.0,18,8,0,18,1987,1.295769,0.410597,1.706366,0.171304,0.754684,0.0,0.0,8,1.0,600,1
105,1,0,0,1.0,19,8,0,19,2006,1.364995,0.358803,1.723798,0.171304,0.734997,0.0,0.0,8,1.0,600,1
106,2,0,0,1.0,16,6,0,16,2022,1.419762,0.34919,1.768952,0.171304,0.721411,0.0,0.0,8,1.0,600,1
107,1,0,0,1.0,17,7,0,17,2039,1.411119,0.319676,1.730795,0.171304,0.715604,0.0,0.0,8,1.0,600,1
108,2,0,0,1.0,26,8,0,26,2065,1.460199,0.348705,1.808903,0.171304,0.768139,0.0,0.0,8,1.0,600,1
109,2,0,0,1.0,22,7,0,22,2087,1.509206,0.411261,1.920467,0.171304,0.815678,0.0,0.0,8,1.0,600,1
110,1,0,0,1.0,15,7,0,15,2102,1.218634,0.369409,1.588042,0.171304,0.791319,0.0,0.0,8,1.0,600,1
111,2,0,0,1.0,18,8,0,18,2120,1.463076,0.212535,1.675611,0.171304,0.707475,0.0,0.0,8,1.0,600,1
112,1,0,0,1.0,15,8,0,15,2135,1.404518,0.322719,1.727237,0.171304,0.782193,0.0,0.0,8,1.0,600,1
113,2,0,0,1.0,24,7,0,24,2159,1.25695,0.413106,1.670056,0.171304,0.732679,0.0,0.0,8,1.0,600,1
114,2,0,0,1.0,26,8,0,26,2185,1.529082,0.291258,1.82034,0.171304,0.72743,0.0,0.0,8,1.0,600,1
115,2,0,0,1.0,18,8,0,18,2203,1.363853,0.368793,1.732645,0.171304,0.747542,0.0,0.0,8,1.0,600,1
116,1,0,0,1.0,15,6,0,15,2218,1.393562,0.400715,1.794277,0.171304,0.759265,0.0,0.0,8,1.0,600,1
117,2,0,0,1.0,18,8,0,18,2236,1.479275,0.328933,1.808208,0.171304,0.782044,0.0,0.0,8,1.0,600,1
118,2,0,0,1.0,16,6,0,16,2252,1.465731,0.334701,1.800432,0.171304,0.774729,0.0,0.0,8,1.0,600,1
119,2,0,0,1.0,18,7,0,18,2270,1.402842,0.301307,1.704149,0.171304,0.670191,0.0,0.0,8,1.0,600,1
120,2,0,0,1.0,18,8,0,18,2288,1.271476,0.327011,1.598487,0.171304,0.76637,0.0,0.0,8,1.0,600,1
121,2,0,0,1.0,16,6,0,16,2304,1.437878,0.330739,1.768617,0.171304,0.69929,0.0,0.0,8,1.0,600,1
122,2,0,0,1.0,28,8,0,28,2332,1.472297,0.333538,1.805835,0.171304,0.722573,0.0,0.0,8,1.0,600,1
123,1,0,0,1.0,15,5,0,15,2347,1.378416,0.344543,1.722959,0.171304,0.653979,0.0,0.0,8,1.0,600,1
124,2,0,0,1.0,18,8,0,18,2365,1.473921,0.41436,1.888281,0.171304,0.768689,0.0,0.0,8,1.0,600,1
125,1,0,0,1.0,13,6,0,13,2378,1.29104,0.400443,1.691483,0.171304,0.764094,0.0,0.0,8,1.0,600,1
126,2,0,0,1.0,16,6,0,16,2394,1.368875,0.286287,1.655162,0.171304,0.763147,0.0,0.0,8,1.0,600,1
127,1,1,1,0.3,70,7,0,70,2464,1.330711,0.344381,1.675093,0.171304,0.654162,0.0,0.0,8,1.0,600,1
128,1,0,0,1.0,15,4,0,15,2479,1.426052,0.352879,1.77893,0.171304,0.696272,0.0,0.0,8,1.0,600,1
129,2,0,0,1.0,16,7,0,16,2495,1.475317,0.393744,1.869061,0.171304,0.747183,0.0,0.0,8,1.0,600,1
130,2,0,0,1.0,18,6,0,18,2513,1.27826,0.334413,1.612673,0.171304,0.655723,0.0,0.0,8,1.0,600,1
131,2,0,0,1.0,24,8,0,24,2537,1.482616,0.394233,1.876849,0.171304,0.701656,0.0,0.0,8,1.0,600,1
132,2,0,0,1.0,22,7,0,22,2559,1.316377,0.325368,1.641744,0.171304,0.677113,0.0,0.0,8,1.0,600,1
133,2,0,0,1.0,12,4,0,12,2571,1.442743,0.343555,1.786298,0.171304,0.653589,0.0,0.0,8,1.0,600,1
134,1,0,0,1.0,13,7,0,13,2584,1.403936,0.310311,1.714247,0.171304,0.620008,0.0,0.0,8,1.0,600,1
135,2,0,0,1.0,16,8,0,16,2600,1.504018,0.384567,1.888585,0.171304,0.759808,0.0,0.0,8,1.0,600,1
136,2,0,0,1.0,14,6,0,14,2614,1.359516,0.356529,1.716045,0.171304,0.695206,0.0,0.0,8,1.0,600,1
137,1,1,1,0.3,70,8,0,70,2684,1.233662,0.344915,1.578577,0.171304,0.807489,0.0,0.0,8,1.0,600,1
138,1,0,0,1.0,19,6,0,19,2703,1.504827,0.241624,1.746451,0.171304,0.608734,0.0,0.0,8,1.0,600,1
139,2,0,0,1.0,18,8,0,18,2721,1.46388,0.469356,1.933236,0.171304,0.664348,0.0,0.0,8,1.0,600,1
140,2,0,0,1.0,18,6,0,18,2739,1.385108,0.350771,1.73588,0.171304,0.639955,0.0,0.0,8,1.0,600,1
141,2,0,0,1.0,18,6,0,18,2757,1.396995,0.332728,1.729724,0.171304,0.660731,0.0,0.0,8,1.0,600,1
142,2,0,0,1.0,18,7,0,18,2775,1.460193,0.339353,1.799547,0.171304,0.665554,0.0,0.0,8,1.0,600,1
143,1,0,0,1.0,21,8,0,21,2796,1.38871,0.34969,1.7384,0.171304,0.739089,0.0,0.0,8,1.0,600,1
144,1,0,0,1.0,15,5,0,15,2811,1.433672,0.271803,1.705475,0.171304,0.629271,0.0,0.0,8,1.0,600,1
145,1,0,0,1.0,27,8,0,27,2838,1.404029,0.345318,1.749347,0.171304,0.763371,0.0,0.0,8,1.0,600,1
146,1,0,0,1.0,29,8,0,29,2867,1.46214,0.358937,1.821077,0.171304,0.788498,0.0,0.0,8,1.0,600,1
147,1,0,0,1.0,15,8,0,15,2882,1.377871,0.437157,1.815027,0.171304,0.733667,0.0,0.0,8,1.0,600,1
148,1,0,0,1.0,15,6,0,15,2897,1.407784,0.308186,1.71597,0.171304,0.676349,0.0,0.0,8,1.0,600,1
149,1,0,0,1.0,19,7,0,19,2916,1.418124,0.360942,1.779066,0.171304,0.712943,0.0,0.0,8,1.0,600,1
150,2,0,0,1.0,30,7,0,30,2946,1.424954,0.455711,1.880665,0.171304,0.608347,0.0,0.0,8,1.0,600,1
151,1,0,0,1.0,17,6,0,17,2963,1.50485,0.408226,1.913076,0.171304,0.700579,0.0,0.0,8,1.0,600,1
152,2,0,0,1.0,28,7,0,28,2991,1.537335,0.374853,1.912188,0.171304,0.68036,0.0,0.0,8,1.0,600,1
153,2,1,1,0.3,70,8,0,70,3061,1.409966,0.393282,1.803248,0.171304,0.890508,0.0,0.0,8,1.0,600,1
154,2,0,0,1.0,18,8,0,18,3079,1.462755,0.328195,1.79095,0.171304,0.727694,0.0,0.0,8,1.0,600,1
155,2,0,0,1.0,20,8,0,20,3099,1.390726,0.329787,1.720512,0.171304,0.717863,0.0,0.0,8,1.0,600,1
156,1,0,0,1.0,13,3,0,13,3112,1.419287,0.337238,1.756525,0.171304,0.721202,0.0,0.0,8,1.0,600,1
157,2,0,0,1.0,14,6,0,14,3126,1.377035,0.310313,1.687348,0.171304,0.707608,0.0,0.0,8,1.0,600,1
158,1,0,0,1.0,19,7,0,19,3145,1.325289,0.396372,1.721661,0.171304,0.680608,0.0,0.0,8,1.0,600,1
159,1,0,0,1.0,23,7,0,23,3168,1.418276,0.374584,1.79286,0.171304,0.666763,0.0,0.0,8,1.0,600,1
160,,1,0,0.3,70,8,0,70,3238,1.405848,0.315761,1.721609,0.171304,0.888457,0.0,0.0,8,1.0,600,1
161,1,0,0,1.0,23,7,0,23,3261,1.305231,0.41457,1.719801,0.171304,0.687813,0.0,0.0,8,1.0,600,1
162,1,0,0,1.0,19,8,0,19,3280,1.345232,0.451961,1.797193,0.171304,0.735261,0.0,0.0,8,1.0,600,1
163,1,0,0,1.0,17,7,0,17,3297,1.521684,0.423574,1.945258,0.171304,0.716979,0.0,0.0,8,1.0,600,1
164,1,0,0,1.0,39,8,0,39,3336,1.427003,0.499225,1.926227,0.171304,0.817859,0.0,0.0,8,1.0,600,1
165,1,0,0,1.0,17,6,0,17,3353,1.363439,0.374082,1.73752,0.171304,0.656879,0.0,0.0,8,1.0,600,1
166,2,0,0,1.0,20,6,0,20,3373,1.241931,0.398072,1.640004,0.171304,0.747078,0.0,0.0,8,1.0,600,1
167,2,0,0,1.0,18,6,0,18,3391,1.222523,0.366177,1.5887,0.171304,0.708032,0.0,0.0,8,1.0,600,1
168,2,0,0,1.0,16,5,0,16,3407,1.390406,0.29287,1.683276,0.171304,0.587855,0.0,0.0,8,1.0,600,1
169,1,0,0,1.0,17,7,0,17,3424,1.25518,0.358647,1.613827,0.171304,0.67652,0.0,0.0,8,1.0,600,1
170,1,0,0,1.0,15,8,0,15,3439,1.541746,0.470124,2.01187,0.171304,0.719421,0.0,0.0,8,1.0,600,1
171,1,0,0,1.0,15,5,0,15,3454,1.489825,0.307316,1.797141,0.171304,0.715415,0.0,0.0,8,1.0,600,1
172,1,0,0,1.0,23,8,0,23,3477,1.411491,0.434683,1.846174,0.171304,0.713073,0.0,0.0,8,1.0,600,1
173,2,0,0,1.0,24,4,0,24,3501,1.39249,0.377326,1.769816,0.171304,0.659015,0.0,0.0,8,1.0,600,1
174,2,0,0,1.0,18,6,0,18,3519,1.254829,0.409717,1.664546,0.171304,0.688184,0.0,0.0,8,1.0,600,1
175,1,0,0,1.0,23,8,0,23,3542,1.321094,0.294858,1.615952,0.171304,0.767656,0.0,0.0,8,1.0,600,1
176,1,0,0,1.0,63,8,0,63,3605,1.489833,0.372169,1.862003,0.171304,0.715081,0.0,0.0,8,1.0,600,1
177,1,0,0,1.0,11,5,0,11,3616,1.371113,0.349746,1.720858,0.171304,0.537866,0.0,0.0,8,1.0,600,1
178,1,0,0,1.0,19,8,0,19,3635,1.343397,0.500255,1.843651,0.171304,0.770495,0.0,0.0,8,1.0,600,1
179,2,0,0,1.0,22,8,0,22,3657,1.311452,0.425785,1.737238,0.171304,0.749734,0.0,0.0,8,1.0,600,1
180,2,0,0,1.0,24,6,0,24,3681,1.334743,0.377367,1.71211,0.171304,0.657972,0.0,0.0,8,1.0,600,1
181,1,0,0,1.0,17,6,0,17,3698,1.475229,0.376159,1.851388,0.171304,0.725621,0.0,0.0,8,1.0,600,1
182,2,0,0,1.0,16,8,0,16,3714,1.421293,0.28537,1.706663,0.171304,0.776085,0.0,0.0,8,1.0,600,1
183,2,0,0,1.0,26,8,0,26,3740,1.420597,0.30984,1.730437,0.171304,0.758251,0.0,0.0,8,1.0,600,1
184,1,0,0,1.0,17,6,0,17,3757,1.326519,0.417483,1.744002,0.171304,0.69999,0.0,0.0,8,1.0,600,1
185,1,0,0,1.0,17,6,0,17,3774,1.372866,0.344782,1.717648,0.171304,0.705686,0.0,0.0,8,1.0,600,1
186,2,0,0,1.0,20,7,0,20,3794,1.438165,0.47127,1.909435,0.171304,0.709265,0.0,0.0,8,1.0,600,1
187,1,0,0,1.0,9,1,0,9,3803,1.323655,0.350261,1.673916,0.171304,0.738082,0.0,0.0,8,1.0,600,1
188,2,0,0,1.0,16,8,0,16,3819,1.22222,0.315555,1.537775,0.171304,0.699082,0.0,0.0,8,1.0,600,1
189,2,0,0,1.0,18,8,0,18,3837,1.345882,0.441343,1.787225,0.171304,0.73261,0.0,0.0,8,1.0,600,1
190,2,0,0,1.0,16,6,0,16,3853,1.36437,0.367147,1.731517,0.171304,0.707638,0.0,0.0,8,1.0,600,1
191,2,0,0,1.0,46,7,0,46,3899,1.467947,0.515004,1.982951,0.171304,0.623104,0.0,0.0,8,1.0,600,1
192,1,0,0,1.0,13,5,0,13,3912,1.417644,0.506249,1.923893,0.171304,0.565558,0.0,0.0,8,1.0,600,1
193,1,0,0,1.0,17,7,0,17,3929,1.571293,0.399404,1.970696,0.171304,0.739075,0.0,0.0,8,1.0,600,1
194,2,0,0,1.0,26,8,0,26,3955,1.258077,0.512374,1.770451,0.171304,0.72056,0.0,0.0,8,1.0,600,1
195,2,0,0,1.0,32,8,0,32,3987,1.248885,0.343124,1.59201,0.171304,0.738262,0.0,0.0,8,1.0,600,1
196,1,0,0,1.0,19,7,0,19,4006,1.293938,0.349748,1.643686,0.171304,0.688164,0.0,0.0,8,1.0,600,1
197,1,0,0,1.0,17,7,0,17,4023,1.402154,0.456833,1.858986,0.171304,0.734165,0.0,0.0,8,1.0,600,1
198,1,0,0,1.0,19,7,0,19,4042,1.322495,0.374074,1.696569,0.171304,0.743081,0.0,0.0,8,1.0,600,1
199,1,0,0,1.0,17,7,0,17,4059,1.409119,0.533241,1.94236,0.171304,0.792596,0.0,0.0,8,1.0,600,1
200,1,0,0,1.0,19,8,0,19,4078,1.266236,0.318205,1.584442,0.171304,0.775327,0.0,0.0,8,1.0,600,1
201,1,0,0,1.0,19,7,0,19,4097,1.434311,0.294332,1.728643,0.171304,0.713909,0.0,0.0,8,1.0,600,1
202,1,0,0,1.0,17,7,0,17,4114,1.396121,0.425246,1.821367,0.171304,0.722086,0.0,0.0,8,1.0,600,1
203,1,0,0,1.0,27,7,0,27,4141,1.333321,0.394297,1.727619,0.171304,0.726025,0.0,0.0,8,1.0,600,1
204,2,0,0,1.0,14,6,0,14,4155,1.299516,0.399615,1.699131,0.171304,0.711782,0.0,0.0,8,1.0,600,1
205,2,0,0,1.0,26,8,0,26,4181,1.501151,0.459323,1.960474,0.171304,0.81071,0.0,0.0,8,1.0,600,1
206,2,0,0,1.0,24,8,0,24,4205,1.254083,0.356364,1.610447,0.171304,0.726349,0.0,0.0,8,1.0,600,1
207,1,0,0,1.0,19,7,0,19,4224,1.453961,0.412001,1.865963,0.171304,0.661805,0.0,0.0,8,1.0,600,1
208,2,0,0,1.0,26,8,0,26,4250,1.330953,0.315393,1.646345,0.171304,0.786182,0.0,0.0,8,1.0,600,1
209,1,0,0,1.0,17,7,0,17,4267,1.404343,0.351949,1.756292,0.171304,0.746931,0.0,0.0,8,1.0,600,1
210,2,0,0,1.0,22,8,0,22,4289,1.358685,0.322213,1.680899,0.171304,0.795189,0.0,0.0,8,1.0,600,1
211,1,0,0,1.0,19,8,0,19,4308,1.351513,0.379685,1.731199,0.171304,0.724453,0.0,0.0,8,1.0,600,1
212,2,0,0,1.0,22,8,0,22,4330,1.327394,0.394794,1.722187,0.171304,0.814995,0.0,0.0,8,1.0,600,1
213,2,0,0,1.0,24,8,0,24,4354,1.403538,0.330847,1.734385,0.171304,0.766208,0.0,0.0,8,1.0,600,1
214,2,0,0,1.0,24,8,0,24,4378,1.349879,0.376457,1.726336,0.171304,0.741444,0.0,0.0,8,1.0,600,1
215,2,0,0,1.0,16,7,0,16,4394,1.295431,0.386603,1.682034,0.171304,0.730906,0.0,0.0,8,1.0,600,1
216,2,0,0,1.0,18,8,0,18,4412,1.247313,0.384124,1.631436,0.171304,0.724819,0.0,0.0,8,1.0,600,1
217,2,0,0,1.0,6,0,0,6,4418,1.39327,0.390992,1.784262,0.171304,0.834168,1.0,0.0,8,1.0,600,1
218,1,0,0,1.0,21,7,0,21,4439,1.53943,0.468174,2.007604,0.171304,0.707131,0.0,0.0,8,1.0,600,1
219,2,0,0,1.0,18,8,0,18,4457,1.27904,0.395535,1.674574,0.171304,0.705806,0.0,0.0,8,1.0,600,1
220,1,0,0,1.0,19,7,0,19,4476,1.426875,0.358228,1.785104,0.171304,0.686407,0.0,0.0,8,1.0,600,1
221,2,0,0,1.0,28,8,0,28,4504,1.21313,0.310794,1.523924,0.171304,0.773074,0.0,0.0,8,1.0,600,1
222,1,0,0,1.0,27,8,0,27,4531,1.51241,0.402532,1.914942,0.171304,0.672541,0.0,0.0,8,1.0,600,1
223,1,0,0,1.0,23,7,0,23,4554,1.375843,0.282295,1.658138,0.171304,0.698265,0.0,0.0,8,1.0,600,1
224,1,0,0,1.0,23,8,0,23,4577,1.300132,0.418421,1.718553,0.171304,0.715177,0.0,0.0,8,1.0,600,1
225,2,0,0,1.0,26,8,0,26,4603,1.460562,0.49412,1.954681,0.171304,0.713882,0.0,0.0,8,1.0,600,1
226,2,1,1,0.3,70,8,0,70,4673,1.449902,0.38441,1.834312,0.171304,0.842666,0.0,0.0,8,1.0,600,1
227,1,0,0,1.0,21,8,0,21,4694,1.313953,0.446339,1.760292,0.171304,0.745926,0.0,0.0,8,1.0,600,1
228,2,0,0,1.0,22,8,0,22,4716,1.502431,0.391608,1.894039,0.171304,0.730156,0.0,0.0,8,1.0,600,1
229,1,0,0,1.0,23,8,0,23,4739,1.477904,0.386044,1.863948,0.171304,0.793642,0.0,0.0,8,1.0,600,1
230,2,0,0,1.0,16,7,0,16,4755,1.391068,0.473291,1.864359,0.171304,0.731532,0.0,0.0,8,1.0,600,1
231,2,0,0,1.0,22,7,0,22,4777,1.31589,0.42087,1.73676,0.171304,0.751707,0.0,0.0,8,1.0,600,1
232,2,0,0,1.0,20,7,0,20,4797,1.379493,0.48424,1.863733,0.171304,0.744407,0.0,0.0,8,1.0,600,1
233,2,0,0,1.0,16,6,0,16,4813,1.250806,0.420083,1.670889,0.171304,0.701795,0.0,0.0,8,1.0,600,1
234,1,0,0,1.0,37,8,0,37,4850,1.355688,0.392297,1.747985,0.171304,0.67924,0.0,0.0,8,1.0,600,1
235,2,0,0,1.0,14,7,0,14,4864,1.390347,0.38975,1.780097,0.171304,0.654066,0.0,0.0,8,1.0,600,1
236,1,0,0,1.0,21,7,0,21,4885,1.330229,0.434665,1.764894,0.171304,0.691867,0.0,0.0,8,1.0,600,1
237,1,0,0,1.0,21,7,0,21,4906,1.388517,0.398222,1.786738,0.171304,0.674616,0.0,0.0,8,1.0,600,1
238,1,0,0,1.0,17,7,0,17,4923,1.39138,0.376811,1.76819,0.171304,0.713149,0.0,0.0,8,1.0,600,1
239,1,0,0,1.0,21,8,0,21,4944,1.280159,0.403379,1.683537,0.171304,0.68837,0.0,0.0,8,1.0,600,1
240,2,0,0,1.0,22,7,0,22,4966,1.356584,0.359118,1.715701,0.171304,0.726059,0.0,0.0,8,1.0,600,1
241,1,0,0,1.0,19,7,0,19,4985,1.18362,0.411624,1.595244,0.171304,0.703629,0.0,0.0,8,1.0,600,1
242,2,0,0,1.0,20,8,0,20,5005,1.403009,0.316113,1.719122,0.171304,0.781052,0.0,0.0,8,1.0,600,1
243,2,0,0,1.0,16,7,0,16,5021,1.329579,0.334911,1.664491,0.171304,0.686039,0.0,0.0,8,1.0,600,1
244,2,0,0,1.0,20,7,0,20,5041,1.217616,0.414124,1.631741,0.171304,0.701503,0.0,0.0,8,1.0,600,1
245,1,0,0,1.0,19,8,0,19,5060,1.307141,0.339767,1.646908,0.171304,0.741763,0.0,0.0,8,1.0,600,1
246,1,0,0,1.0,19,7,0,19,5079,1.359438,0.478666,1.838104,0.171304,0.76452,0.0,0.0,8,1.0,600,1
247,1,0,0,1.0,23,7,0,23,5102,1.520291,0.507728,2.028018,0.171304,0.704145,0.0,0.0,8,1.0,600,1
248,2,1,1,0.3,70,8,0,70,5172,1.436211,0.435876,1.872087,0.171304,0.807107,0.0,0.0,8,1.0,600,1
249,1,0,0,1.0,9,1,0,9,5181,1.354741,0.334996,1.689737,0.171304,0.655723,0.0,0.0,8,1.0,600,1
250,2,0,0,1.0,16,8,0,16,5197,1.487024,0.47577,1.962795,0.171304,0.733619,0.0,0.0,8,1.0,600,1
251,1,0,0,1.0,19,8,0,19,5216,1.246724,0.423769,1.670493,0.171304,0.678587,0.0,0.0,8,1.0,600,1
252,2,1,1,0.3,70,8,0,70,5286,1.285656,0.363105,1.648761,0.171304,0.782709,0.0,0.0,8,1.0,600,1
253,2,0,0,1.0,18,7,0,18,5304,1.315961,0.388129,1.70409,0.171304,0.676312,0.0,0.0,8,1.0,600,1
254,1,0,0,1.0,17,7,0,17,5321,1.42975,0.399158,1.828909,0.171304,0.728567,0.0,0.0,8,1.0,600,1
255,2,0,0,1.0,30,8,0,30,5351,1.358806,0.340048,1.698854,0.171304,0.77212,0.0,0.0,8,1.0,600,1
256,1,0,0,1.0,31,8,0,31,5382,1.34888,0.419625,1.768505,0.171304,0.66681,0.0,0.0,8,1.0,600,1
257,1,0,0,1.0,17,6,0,17,5399,1.444539,0.451246,1.895785,0.171304,0.714524,0.0,0.0,8,1.0,600,1
258,1,0,0,1.0,19,8,0,19,5418,1.329184,0.300521,1.629704,0.171304,0.708198,0.0,0.0,8,1.0,600,1
259,2,0,0,1.0,18,7,0,18,5436,1.58034,0.348192,1.928532,0.171304,0.718698,0.0,0.0,8,1.0,600,1
260,1,0,0,1.0,19,7,0,19,5455,1.370326,0.411094,1.78142,0.171304,0.736403,0.0,0.0,8,1.0,600,1
261,1,0,0,1.0,13,5,0,13,5468,1.519582,0.402613,1.922195,0.171304,0.709516,0.0,0.0,8,1.0,600,1
262,2,0,0,1.0,16,7,0,16,5484,1.41789,0.429723,1.847613,0.171304,0.726628,0.0,0.0,8,1.0,600,1
263,2,0,0,1.0,24,7,0,24,5508,1.495679,0.328084,1.823763,0.171304,0.715428,0.0,0.0,8,1.0,600,1
264,1,0,0,1.0,23,8,0,23,5531,1.47149,0.386801,1.858292,0.171304,0.695797,0.0,0.0,8,1.0,600,1
265,2,0,0,1.0,22,8,0,22,5553,1.25292,0.34287,1.595789,0.171304,0.739111,0.0,0.0,8,1.0,600,1
266,2,0,0,1.0,16,6,0,16,5569,1.376261,0.363477,1.739738,0.171304,0.526398,0.0,0.0,8,1.0,600,1
267,1,0,0,1.0,23,7,0,23,5592,1.303111,0.278389,1.5815,0.171304,0.703491,0.0,0.0,8,1.0,600,1
268,2,0,0,1.0,28,8,0,28,5620,1.318428,0.316798,1.635226,0.171304,0.72305,0.0,0.0,8,1.0,600,1
269,1,0,0,1.0,27,8,0,27,5647,1.429222,0.46845,1.897672,0.171304,0.747419,0.0,0.0,8,1.0,600,1
270,1,0,0,1.0,17,8,0,17,5664,1.44864,0.427381,1.876021,0.171304,0.664343,0.0,0.0,8,1.0,600,1
271,1,0,0,1.0,17,7,0,17,5681,1.301732,0.406515,1.708247,0.171304,0.740646,0.0,0.0,8,1.0,600,1
272,1,1,1,0.3,70,8,0,70,5751,1.377379,0.432634,1.810013,0.171304,0.82912,0.0,0.0,8,1.0,600,1
273,1,0,0,1.0,19,8,0,19,5770,1.351854,0.371095,1.72295,0.171304,0.703717,0.0,0.0,8,1.0,600,1
274,1,1,1,0.3,70,7,0,70,5840,1.367592,0.420348,1.78794,0.171304,0.745361,0.0,0.0,8,1.0,600,1
275,1,0,0,1.0,29,8,0,29,5869,1.235652,0.360424,1.596076,0.171304,0.728398,0.0,0.0,8,1.0,600,1
276,2,0,0,1.0,18,6,0,18,5887,1.339495,0.398466,1.73796,0.171304,0.660731,0.0,0.0,8,1.0,600,1
277,2,0,0,1.0,32,8,0,32,5919,1.32862,0.412309,1.740928,0.171304,0.723915,0.0,0.0,8,1.0,600,1
278,2,0,0,1.0,14,8,0,14,5933,1.696447,0.408718,2.105165,0.171304,0.690794,0.0,0.0,8,1.0,600,1
279,1,0,0,1.0,23,8,0,23,5956,1.383075,0.429143,1.812217,0.171304,0.714306,0.0,0.0,8,1.0,600,1
280,2,0,0,1.0,18,6,0,18,5974,1.355907,0.343733,1.699641,0.171304,0.659525,0.0,0.0,8,1.0,600,1
281,2,0,0,1.0,22,7,0,22,5996,1.352901,0.410706,1.763607,0.171304,0.728335,0.0,0.0,8,1.0,600,1
282,2,0,0,1.0,20,7,0,20,6016,1.357492,0.477316,1.834808,0.171304,0.709516,0.0,0.0,8,1.0,600,1
283,1,0,0,1.0,19,8,0,19,6035,1.477205,0.418197,1.895402,0.171304,0.758545,0.0,0.0,8,1.0,600,1
284,1,0,0,1.0,19,8,0,19,6054,1.322024,0.388485,1.710508,0.171304,0.700466,0.0,0.0,8,1.0,600,1
285,1,0,0,1.0,27,7,0,27,6081,1.384865,0.44203,1.826895,0.171304,0.733445,0.0,0.0,8,1.0,600,1
286,1,0,0,1.0,17,6,0,17,6098,1.429628,0.308657,1.738285,0.171304,0.667878,0.0,0.0,8,1.0,600,1
287,1,0,0,1.0,19,8,0,19,6117,1.160678,0.32449,1.485167,0.171304,0.720499,0.0,0.0,8,1.0,600,1
288,2,0,0,1.0,28,8,0,28,6145,1.456439,0.324627,1.781066,0.171304,0.712736,0.0,0.0,8,1.0,600,1
289,1,0,0,1.0,23,8,0,23,6168,1.351943,0.435646,1.787588,0.171304,0.753938,0.0,0.0,8,1.0,600,1
290,1,0,0,1.0,17,7,0,17,6185,1.345064,0.444988,1.790052,0.171304,0.670628,0.0,0.0,8,1.0,600,1
291,1,0,0,1.0,23,8,0,23,6208,1.27763,0.358868,1.636497,0.171304,0.720694,0.0,0.0,8,1.0,600,1
292,1,0,0,1.0,19,7,0,19,6227,1.316082,0.370664,1.686746,0.171304,0.679905,0.0,0.0,8,1.0,600,1
293,1,0,0,1.0,19,6,0,19,6246,1.4166,0.443118,1.859718,0.171304,0.635357,0.0,0.0,8,1.0,600,1
294,1,0,0,1.0,15,5,0,15,6261,1.39196,0.292505,1.684465,0.171304,0.502393,0.0,0.0,8,1.0,600,1
295,1,0,0,1.0,11,5,0,11,6272,1.307603,0.344487,1.652089,0.171304,0.525118,0.0,0.0,8,1.0,600,1
296,1,0,0,1.0,35,8,0,35,6307,1.183579,0.422404,1.605982,0.171304,0.791128,0.0,0.0,8,1.0,600,1
297,2,0,0,1.0,22,8,0,22,6329,1.450412,0.372751,1.823163,0.171304,0.75019,0.0,0.0,8,1.0,600,1
298,1,0,0,1.0,19,8,0,19,6348,1.271907,0.320247,1.592154,0.171304,0.698269,0.0,0.0,8,1.0,600,1
299,1,0,0,1.0,19,8,0,19,6367,1.439404,0.327542,1.766947,0.171304,0.65047,0.0,0.0,8,1.0,600,1
300,2,1,1,0.3,70,8,0,70,6437,1.351546,0.335408,1.686954,0.171304,0.81202,0.0,0.0,8,1.0,600,1
301,1,0,0,1.0,17,7,0,17,6454,1.371906,0.405524,1.77743,0.171304,0.665226,0.0,0.0,8,1.0,600,1
302,1,0,0,1.0,17,6,0,17,6471,1.291871,0.329097,1.620969,0.171304,0.729746,0.0,0.0,8,1.0,600,1
303,1,0,0,1.0,17,7,0,17,6488,1.345511,0.410938,1.756449,0.171304,0.703722,0.0,0.0,8,1.0,600,1
304,1,0,0,1.0,21,7,0,21,6509,1.364626,0.437603,1.802229,0.171304,0.780507,0.0,0.0,8,1.0,600,1
305,2,0,0,1.0,22,7,0,22,6531,1.402664,0.440417,1.843081,0.171304,0.693201,0.0,0.0,8,1.0,600,1
306,1,0,0,1.0,17,4,0,17,6548,1.303487,0.382876,1.686363,0.171304,0.651183,0.0,0.0,8,1.0,600,1
307,1,0,0,1.0,19,7,0,19,6567,1.261237,0.370159,1.631396,0.171304,0.661893,0.0,0.0,8,1.0,600,1
308,1,0,0,1.0,25,7,0,25,6592,1.319907,0.31432,1.634226,0.171304,0.64227,0.0,0.0,8,1.0,600,1
309,1,0,0,1.0,9,4,0,9,6601,1.441739,0.375626,1.817365,0.171304,0.672602,0.0,0.0,8,1.0,600,1
310,1,0,0,1.0,19,7,0,19,6620,1.411312,0.355259,1.766571,0.171304,0.689922,0.0,0.0,8,1.0,600,1
311,1,0,0,1.0,17,6,0,17,6637,1.348379,0.389948,1.738328,0.171304,0.622115,0.0,0.0,8,1.0,600,1
312,1,0,0,1.0,27,8,0,27,6664,1.39711,0.338931,1.736041,0.171304,0.699066,0.0,0.0,8,1.0,600,1
313,1,0,0,1.0,15,7,0,15,6679,1.276591,0.283068,1.559659,0.171304,0.616472,0.0,0.0,8,1.0,600,1
314,1,0,0,1.0,23,7,0,23,6702,1.469291,0.347494,1.816785,0.171304,0.684764,0.0,0.0,8,1.0,600,1
315,1,0,0,1.0,19,7,0,19,6721,1.428466,0.33731,1.765777,0.171304,0.728495,0.0,0.0,8,1.0,600,1
316,2,0,0,1.0,20,7,0,20,6741,1.368595,0.387122,1.755717,0.171304,0.688314,0.0,0.0,8,1.0,600,1
317,2,0,0,1.0,26,7,0,26,6767,1.334708,0.318276,1.652984,0.171304,0.749775,0.0,0.0,8,1.0,600,1
318,2,0,0,1.0,18,6,0,18,6785,1.45056,0.414006,1.864566,0.171304,0.740122,0.0,0.0,8,1.0,600,1
319,2,0,0,1.0,18,6,0,18,6803,1.248551,0.352345,1.600896,0.171304,0.689946,0.0,0.0,8,1.0,600,1
320,2,0,0,1.0,22,7,0,22,6825,1.169571,0.339789,1.50936,0.171304,0.715966,0.0,0.0,8,1.0,600,1
321,2,0,0,1.0,22,8,0,22,6847,1.302866,0.35404,1.656906,0.171304,0.700106,0.0,0.0,8,1.0,600,1
322,1,0,0,1.0,19,7,0,19,6866,1.43036,0.44617,1.87653,0.171304,0.750901,0.0,0.0,8,1.0,600,1
323,1,0,0,1.0,23,8,0,23,6889,1.413073,0.363887,1.77696,0.171304,0.748131,0.0,0.0,8,1.0,600,1
324,2,0,0,1.0,14,5,0,14,6903,1.221914,0.318066,1.53998,0.171304,0.599571,0.0,0.0,8,1.0,600,1
325,2,0,0,1.0,18,8,0,18,6921,1.329321,0.440522,1.769843,0.171304,0.680671,0.0,0.0,8,1.0,600,1
326,1,0,0,1.0,19,7,0,19,6940,1.306986,0.366288,1.673274,0.171304,0.664089,0.0,0.0,8,1.0,600,1
327,1,0,0,1.0,15,7,0,15,6955,1.424998,0.290189,1.715187,0.171304,0.766834,0.0,0.0,8,1.0,600,1
328,1,0,0,1.0,17,7,0,17,6972,1.456716,0.313072,1.769789,0.171304,0.705391,0.0,0.0,8,1.0,600,1
329,1,0,0,1.0,19,8,0,19,6991,1.412036,0.304084,1.716121,0.171304,0.710922,0.0,0.0,8,1.0,600,1
330,2,0,0,1.0,24,8,0,24,7015,1.288558,0.424451,1.71301,0.171304,0.787771,0.0,0.0,8,1.0,600,1
331,2,0,0,1.0,18,7,0,18,7033,1.222607,0.456039,1.678646,0.171304,0.700798,0.0,0.0,8,1.0,600,1
332,2,0,0,1.0,16,5,0,16,7049,1.408569,0.320131,1.728699,0.171304,0.720367,0.0,0.0,8,1.0,600,1
333,1,0,0,1.0,19,7,0,19,7068,1.375644,0.357121,1.732765,0.171304,0.720587,0.0,0.0,8,1.0,600,1
334,2,0,0,1.0,18,8,0,18,7086,1.460617,0.440692,1.901309,0.171304,0.689668,0.0,0.0,8,1.0,600,1
335,1,0,0,1.0,25,7,0,25,7111,1.396865,0.294514,1.691379,0.171304,0.723139,0.0,0.0,8,1.0,600,1
336,1,1,1,0.3,70,8,0,70,7181,1.428375,0.383827,1.812201,0.171304,0.750346,0.0,0.0,8,1.0,600,1
337,1,0,0,1.0,21,8,0,21,7202,1.377186,0.404147,1.781333,0.171304,0.793068,0.0,0.0,8,1.0,600,1
338,2,0,0,1.0,22,7,0,22,7224,1.408861,0.421591,1.830452,0.171304,0.719077,0.0,0.0,8,1.0,600,1
339,1,0,0,1.0,13,4,0,13,7237,1.395503,0.427907,1.82341,0.171304,0.543984,0.0,0.0,8,1.0,600,1
340,1,0,0,1.0,9,3,0,9,7246,1.327628,0.393086,1.720714,0.171304,0.548878,0.0,0.0,8,1.0,600,1
341,2,0,0,1.0,18,6,0,18,7264,1.29663,0.38387,1.6805,0.171304,0.660638,0.0,0.0,8,1.0,600,1
342,1,0,0,1.0,15,6,0,15,7279,1.43919,0.328331,1.767521,0.171304,0.6867,0.0,0.0,8,1.0,600,1
343,1,0,0,1.0,19,7,0,19,7298,1.428855,0.405511,1.834365,0.171304,0.735524,0.0,0.0,8,1.0,600,1
344,1,0,0,1.0,23,6,0,23,7321,1.355178,0.412573,1.76775,0.171304,0.62343,0.0,0.0,8,1.0,600,1
345,,1,0,0.3,70,8,0,70,7391,1.379729,0.405869,1.785598,0.171304,0.769163,0.0,0.0,8,1.0,600,1
346,2,0,0,1.0,14,6,0,14,7405,1.419443,0.38841,1.807853,0.171304,0.657047,0.0,0.0,8,1.0,600,1
347,1,0,0,1.0,15,6,0,15,7420,1.321123,0.263384,1.584507,0.171304,0.648748,0.0,0.0,8,1.0,600,1
348,1,0,0,1.0,19,7,0,19,7439,1.41743,0.389255,1.806685,0.171304,0.642211,0.0,0.0,8,1.0,600,1
349,,1,0,0.3,70,8,0,70,7509,1.324624,0.389416,1.714041,0.171304,0.917124,0.0,0.0,8,1.0,600,1
350,1,0,0,1.0,19,7,0,19,7528,1.4358,0.391194,1.826994,0.171304,0.68465,0.0,0.0,8,1.0,600,1
351,1,0,0,1.0,19,7,0,19,7547,1.395274,0.391276,1.78655,0.171304,0.719005,0.0,0.0,8,1.0,600,1
352,1,0,0,1.0,17,6,0,17,7564,1.380973,0.386829,1.767802,0.171304,0.691447,0.0,0.0,8,1.0,600,1
353,1,0,0,1.0,19,7,0,19,7583,1.386565,0.398608,1.785173,0.171304,0.710131,0.0,0.0,8,1.0,600,1
354,2,0,0,1.0,22,8,0,22,7605,1.370118,0.358357,1.728475,0.171304,0.760738,0.0,0.0,8,1.0,600,1
355,1,0,0,1.0,17,7,0,17,7622,1.430706,0.361687,1.792393,0.171304,0.703918,0.0,0.0,8,1.0,600,1
356,1,0,0,1.0,17,4,0,17,7639,1.341648,0.385266,1.726914,0.171304,0.701169,0.0,0.0,8,1.0,600,1
357,2,0,0,1.0,20,8,0,20,7659,1.32497,0.393804,1.718775,0.171304,0.639065,0.0,0.0,8,1.0,600,1
358,1,0,0,1.0,17,7,0,17,7676,1.374763,0.278635,1.653399,0.171304,0.705686,0.0,0.0,8,1.0,600,1
359,2,0,0,1.0,18,8,0,18,7694,1.425495,0.290923,1.716418,0.171304,0.66611,0.0,0.0,8,1.0,600,1
360,1,0,0,1.0,15,6,0,15,7709,1.305758,0.451894,1.757652,0.171304,0.708292,0.0,0.0,8,1.0,600,1
361,1,0,0,1.0,27,8,0,27,7736,1.270757,0.378179,1.648936,0.171304,0.732393,0.0,0.0,8,1.0,600,1
362,2,0,0,1.0,22,8,0,22,7758,1.323201,0.340278,1.663479,0.171304,0.681059,0.0,0.0,8,1.0,600,1
363,2,0,0,1.0,24,8,0,24,7782,1.426723,0.37935,1.806073,0.171304,0.778033,0.0,0.0,8,1.0,600,1
364,1,0,0,1.0,17,6,0,17,7799,1.440746,0.325057,1.765804,0.171304,0.687911,0.0,0.0,8,1.0,600,1
365,2,0,0,1.0,22,8,0,22,7821,1.258545,0.487462,1.746007,0.171304,0.732357,0.0,0.0,8,1.0,600,1
366,2,0,0,1.0,18,8,0,18,7839,1.342051,0.357279,1.69933,0.171304,0.767483,0.0,0.0,8,1.0,600,1
367,1,0,0,1.0,17,7,0,17,7856,1.316759,0.478343,1.795102,0.171304,0.665619,0.0,0.0,8,1.0,600,1
368,1,0,0,1.0,33,8,0,33,7889,1.360802,0.328694,1.689496,0.171304,0.747104,0.0,0.0,8,1.0,600,1
369,2,0,0,1.0,26,7,0,26,7915,1.425969,0.432716,1.858685,0.171304,0.713497,0.0,0.0,8,1.0,600,1
370,2,0,0,1.0,26,8,0,26,7941,1.40306,0.376972,1.780032,0.171304,0.710415,0.0,0.0,8,1.0,600,1
371,2,0,0,1.0,22,7,0,22,7963,1.243894,0.338072,1.581966,0.171304,0.724844,0.0,0.0,8,1.0,600,1
372,2,0,0,1.0,20,7,0,20,7983,1.161998,0.389328,1.551326,0.171304,0.69975,0.0,0.0,8,1.0,600,1
373,2,0,0,1.0,28,8,0,28,8011,1.307736,0.355568,1.663304,0.171304,0.672013,0.0,0.0,8,1.0,600,1
374,1,0,0,1.0,15,5,0,15,8026,1.308414,0.358639,1.667053,0.171304,0.593545,0.0,0.0,8,1.0,600,1
375,2,0,0,1.0,30,8,0,30,8056,1.497911,0.384905,1.882815,0.171304,0.774624,0.0,0.0,8,1.0,600,1
376,2,0,0,1.0,18,8,0,18,8074,1.275242,0.497602,1.772844,0.171304,0.73734,0.0,0.0,8,1.0,600,1
377,1,0,0,1.0,19,7,0,19,8093,1.296331,0.419763,1.716094,0.171304,0.684738,0.0,0.0,8,1.0,600,1
378,2,0,0,1.0,18,6,0,18,8111,1.387334,0.432572,1.819906,0.171304,0.681135,0.0,0.0,8,1.0,600,1
379,2,0,0,1.0,28,7,0,28,8139,1.385152,0.404537,1.789689,0.171304,0.67243,0.0,0.0,8,1.0,600,1
380,1,0,0,1.0,17,7,0,17,8156,1.274025,0.493163,1.767188,0.171304,0.682215,0.0,0.0,8,1.0,600,1
381,2,0,0,1.0,20,7,0,20,8176,1.226771,0.383196,1.609967,0.171304,0.720785,0.0,0.0,8,1.0,600,1
382,1,0,0,1.0,17,7,0,17,8193,1.262415,0.381628,1.644042,0.171304,0.786016,0.0,0.0,8,1.0,600,1
383,1,0,0,1.0,13,5,0,13,8206,1.253688,0.297253,1.550941,0.171304,0.6751,0.0,0.0,8,1.0,600,1
384,1,0,0,1.0,17,7,0,17,8223,1.201254,0.405457,1.606711,0.171304,0.654915,0.0,0.0,8,1.0,600,1
385,1,0,0,1.0,9,4,0,9,8232,1.307941,0.423364,1.731305,0.171304,0.616769,0.0,0.0,8,1.0,600,1
386,1,0,0,1.0,23,7,0,23,8255,1.432234,0.354962,1.787196,0.171304,0.625535,0.0,0.0,8,1.0,600,1
387,2,0,0,1.0,28,7,0,28,8283,1.400574,0.506447,1.907021,0.171304,0.687813,0.0,0.0,8,1.0,600,1
388,1,0,0,1.0,19,6,0,19,8302,1.441089,0.436246,1.877335,0.171304,0.70811,0.0,0.0,8,1.0,600,1
389,2,0,0,1.0,24,8,0,24,8326,1.46608,0.427536,1.893616,0.171304,0.682248,0.0,0.0,8,1.0,600,1
390,2,0,0,1.0,18,7,0,18,8344,1.403045,0.423941,1.826986,0.171304,0.677054,0.0,0.0,8,1.0,600,1
391,2,0,0,1.0,18,6,0,18,8362,1.434945,0.360413,1.795358,0.171304,0.713133,0.0,0.0,8,1.0,600,1
392,1,0,0,1.0,19,8,0,19,8381,1.201102,0.369934,1.571036,0.171304,0.65706,0.0,0.0,8,1.0,600,1
393,1,0,0,1.0,33,8,0,33,8414,1.384789,0.418987,1.803776,0.171304,0.764203,0.0,0.0,8,1.0,600,1
394,1,0,0,1.0,17,6,0,17,8431,1.514876,0.397594,1.91247,0.171304,0.722577,0.0,0.0,8,1.0,600,1
395,1,0,0,1.0,19,6,0,19,8450,1.351415,0.464032,1.815447,0.171304,0.662156,0.0,0.0,8,1.0,600,1
396,1,0,0,1.0,19,8,0,19,8469,1.318717,0.412223,1.73094,0.171304,0.682805,0.0,0.0,8,1.0,600,1
397,1,0,0,1.0,19,8,0,19,8488,1.220713,0.448061,1.668773,0.171304,0.730779,0.0,0.0,8,1.0,600,1
398,1,0,0,1.0,19,7,0,19,8507,1.350155,0.573296,1.923451,0.171304,0.714612,0.0,0.0,8,1.0,600,1
399,1,0,0,1.0,23,7,0,23,8530,1.410736,0.431226,1.841963,0.171304,0.702983,0.0,0.0,8,1.0,600,1
400,2,0,0,1.0,22,8,0,22,8552,1.271873,0.369652,1.641525,0.171304,0.744802,0.0,0.0,8,1.0,600,1
401,1,0,0,1.0,17,6,0,17,8569,1.206444,0.326477,1.532921,0.171304,0.723952,0.0,0.0,8,1.0,600,1
402,2,0,0,1.0,26,7,0,26,8595,1.297958,0.335832,1.63379,0.171304,0.703288,0.0,0.0,8,1.0,600,1
403,1,0,0,1.0,19,7,0,19,8614,1.261359,0.448254,1.709614,0.171304,0.697303,0.0,0.0,8,1.0,600,1
404,1,0,0,1.0,17,5,0,17,8631,1.445159,0.442572,1.887732,0.171304,0.748895,0.0,0.0,8,1.0,600,1
405,1,0,0,1.0,21,7,0,21,8652,1.437616,0.362997,1.800613,0.171304,0.725654,0.0,0.0,8,1.0,600,1
406,1,0,0,1.0,17,8,0,17,8669,1.315835,0.319501,1.635337,0.171304,0.775606,0.0,0.0,8,1.0,600,1
407,1,0,0,1.0,27,8,0,27,8696,1.461252,0.412114,1.873366,0.171304,0.714215,0.0,0.0,8,1.0,600,1
408,1,0,0,1.0,23,8,0,23,8719,1.31798,0.371462,1.689442,0.171304,0.737388,0.0,0.0,8,1.0,600,1
409,2,0,0,1.0,18,8,0,18,8737,1.38553,0.488984,1.874514,0.171304,0.632814,0.0,0.0,8,1.0,600,1
410,1,0,0,1.0,21,8,0,21,8758,1.361168,0.474996,1.836164,0.171304,0.687654,0.0,0.0,8,1.0,600,1
411,2,0,0,1.0,22,8,0,22,8780,1.388762,0.530903,1.919665,0.171304,0.709516,0.0,0.0,8,1.0,600,1
412,1,0,0,1.0,17,8,0,17,8797,1.456665,0.425441,1.882106,0.171304,0.664146,0.0,0.0,8,1.0,600,1
413,1,0,0,1.0,19,7,0,19,8816,1.253988,0.363783,1.617771,0.171304,0.658466,0.0,0.0,8,1.0,600,1
414,2,0,0,1.0,24,7,0,24,8840,1.40398,0.512178,1.916158,0.171304,0.695604,0.0,0.0,8,1.0,600,1
415,2,0,0,1.0,18,6,0,18,8858,1.489259,0.410805,1.900064,0.171304,0.672139,0.0,0.0,8,1.0,600,1
416,1,0,0,1.0,21,8,0,21,8879,1.374608,0.376825,1.751432,0.171304,0.747913,0.0,0.0,8,1.0,600,1
417,2,0,0,1.0,16,6,0,16,8895,1.308666,0.262901,1.571566,0.171304,0.6899,0.0,0.0,8,1.0,600,1
418,1,0,0,1.0,17,6,0,17,8912,1.472126,0.457639,1.929766,0.171304,0.617598,0.0,0.0,8,1.0,600,1
419,1,0,0,1.0,17,6,0,17,8929,1.380069,0.299519,1.679587,0.171304,0.605617,0.0,0.0,8,1.0,600,1
420,1,0,0,1.0,17,8,0,17,8946,1.28689,0.428254,1.715143,0.171304,0.660316,0.0,0.0,8,1.0,600,1
421,2,0,0,1.0,16,6,0,16,8962,1.2804,0.340634,1.621034,0.171304,0.641799,0.0,0.0,8,1.0,600,1
422,2,0,0,1.0,18,8,0,18,8980,1.38063,0.407638,1.788269,0.171304,0.744574,0.0,0.0,8,1.0,600,1
423,1,0,0,1.0,17,6,0,17,8997,1.445506,0.437626,1.883132,0.171304,0.724344,0.0,0.0,8,1.0,600,1
424,1,0,0,1.0,31,8,0,31,9028,1.319587,0.345874,1.665461,0.171304,0.814476,0.0,0.0,8,1.0,600,1
425,1,0,0,1.0,15,7,0,15,9043,1.398985,0.315737,1.714722,0.171304,0.728436,0.0,0.0,8,1.0,600,1
426,1,0,0,1.0,11,6,0,11,9054,1.444825,0.352782,1.797607,0.171304,0.573076,0.0,0.0,8,1.0,600,1
427,1,0,0,1.0,23,8,0,23,9077,1.506168,0.261962,1.76813,0.171304,0.715323,0.0,0.0,8,1.0,600,1
428,1,0,0,1.0,17,7,0,17,9094,1.387896,0.385198,1.773094,0.171304,0.681233,0.0,0.0,8,1.0,600,1
429,1,0,0,1.0,21,6,0,21,9115,1.299251,0.344961,1.644212,0.171304,0.640432,0.0,0.0,8,1.0,600,1
430,1,0,0,1.0,19,6,0,19,9134,1.332074,0.436112,1.768186,0.171304,0.691943,0.0,0.0,8,1.0,600,1
431,2,0,0,1.0,24,8,0,24,9158,1.398178,0.462022,1.860201,0.171304,0.762104,0.0,0.0,8,1.0,600,1
432,1,0,0,1.0,19,8,0,19,9177,1.261608,0.384749,1.646357,0.171304,0.705738,0.0,0.0,8,1.0,600,1
433,2,0,0,1.0,22,8,0,22,9199,1.346965,0.407608,1.754573,0.171304,0.737138,0.0,0.0,8,1.0,600,1
434,2,0,0,1.0,22,6,0,22,9221,1.387124,0.399321,1.786445,0.171304,0.713082,0.0,0.0,8,1.0,600,1
435,2,0,0,1.0,14,8,0,14,9235,1.386877,0.368844,1.755721,0.171304,0.724779,0.0,0.0,8,1.0,600,1
436,2,0,0,1.0,22,8,0,22,9257,1.35756,0.451431,1.808991,0.171304,0.692594,0.0,0.0,8,1.0,600,1
437,2,0,0,1.0,18,6,0,18,9275,1.251118,0.305203,1.556321,0.171304,0.641625,0.0,0.0,8,1.0,600,1
438,1,0,0,1.0,19,7,0,19,9294,1.405022,0.315374,1.720396,0.171304,0.748968,0.0,0.0,8,1.0,600,1
439,2,0,0,1.0,16,5,0,16,9310,1.269858,0.414417,1.684275,0.171304,0.650146,0.0,0.0,8,1.0,600,1
440,1,0,0,1.0,19,6,0,19,9329,1.361408,0.449782,1.81119,0.171304,0.660487,0.0,0.0,8,1.0,600,1
441,2,0,0,1.0,18,8,0,18,9347,1.338002,0.40212,1.740122,0.171304,0.711556,0.0,0.0,8,1.0,600,1
442,1,0,0,1.0,19,7,0,19,9366,1.509503,0.304103,1.813606,0.171304,0.698533,0.0,0.0,8,1.0,600,1
443,2,0,0,1.0,18,7,0,18,9384,1.419667,0.517934,1.9376,0.171304,0.744296,0.0,0.0,8,1.0,600,1
444,1,0,0,1.0,23,8,0,23,9407,1.294298,0.43158,1.725878,0.171304,0.686144,0.0,0.0,8,1.0,600,1
445,2,0,0,1.0,18,6,0,18,9425,1.417603,0.462862,1.880465,0.171304,0.667223,0.0,0.0,8,1.0,600,1
446,2,0,0,1.0,18,8,0,18,9443,1.331047,0.331226,1.662273,0.171304,0.759321,0.0,0.0,8,1.0,600,1
447,2,0,0,1.0,22,7,0,22,9465,1.380555,0.448177,1.828732,0.171304,0.691228,0.0,0.0,8,1.0,600,1
448,1,0,0,1.0,17,7,0,17,9482,1.357629,0.343687,1.701316,0.171304,0.745556,0.0,0.0,8,1.0,600,1
449,1,0,0,1.0,11,5,0,11,9493,1.355608,0.366891,1.722499,0.171304,0.657156,0.0,0.0,8,1.0,600,1
450,1,0,0,1.0,19,8,0,19,9512,1.489864,0.362858,1.852723,0.171304,0.740093,0.0,0.0,8,1.0,600,1
451,2,0,0,1.0,20,7,0,20,9532,1.334764,0.37718,1.711944,0.171304,0.762354,0.0,0.0,8,1.0,600,1
452,1,0,0,1.0,19,6,0,19,9551,1.370874,0.439641,1.810514,0.171304,0.721202,0.0,0.0,8,1.0,600,1
453,1,0,0,1.0,21,7,0,21,9572,1.256291,0.347203,1.603494,0.171304,0.708244,0.0,0.0,8,1.0,600,1
454,2,0,0,1.0,20,8,0,20,9592,1.472481,0.565324,2.037805,0.171304,0.729549,0.0,0.0,8,1.0,600,1
455,2,0,0,1.0,20,6,0,20,9612,1.333089,0.354247,1.687336,0.171304,0.72596,0.0,0.0,8,1.0,600,1
456,2,0,0,1.0,22,8,0,22,9634,1.344755,0.430268,1.775023,0.171304,0.732281,0.0,0.0,8,1.0,600,1
457,1,0,0,1.0,21,8,0,21,9655,1.395895,0.314136,1.710031,0.171304,0.761348,0.0,0.0,8,1.0,600,1
458,2,0,0,1.0,18,8,0,18,9673,1.459326,0.380459,1.839785,0.171304,0.760434,0.0,0.0,8,1.0,600,1
459,1,0,0,1.0,19,7,0,19,9692,1.338517,0.461534,1.800051,0.171304,0.726913,0.0,0.0,8,1.0,600,1
460,2,0,0,1.0,20,7,0,20,9712,1.442938,0.360363,1.803301,0.171304,0.682805,0.0,0.0,8,1.0,600,1
461,2,0,0,1.0,26,8,0,26,9738,1.389915,0.422634,1.812549,0.171304,0.707654,0.0,0.0,8,1.0,600,1
462,2,0,0,1.0,18,6,0,18,9756,1.316175,0.335871,1.652046,0.171304,0.637915,0.0,0.0,8,1.0,600,1
463,1,0,0,1.0,15,6,0,15,9771,1.323925,0.397157,1.721082,0.171304,0.683806,0.0,0.0,8,1.0,600,1
464,1,0,0,1.0,17,7,0,17,9788,1.428994,0.437248,1.866242,0.171304,0.744378,0.0,0.0,8,1.0,600,1
465,1,0,0,1.0,19,8,0,19,9807,1.359865,0.471892,1.831758,0.171304,0.776294,0.0,0.0,8,1.0,600,1
466,1,1,1,0.3,70,8,0,70,9877,1.474174,0.447928,1.922102,0.171304,0.787718,0.0,0.0,8,1.0,600,1
467,1,0,0,1.0,17,7,0,17,9894,1.329382,0.419607,1.748989,0.171304,0.65845,0.0,0.0,8,1.0,600,1
468,1,0,0,1.0,19,7,0,19,9913,1.259537,0.376816,1.636354,0.171304,0.711273,0.0,0.0,8,1.0,600,1
469,1,0,0,1.0,23,8,0,23,9936,1.506379,0.517307,2.023686,0.171304,0.751034,0.0,0.0,8,1.0,600,1
470,1,0,0,1.0,17,7,0,17,9953,1.361838,0.42232,1.784158,0.171304,0.663262,0.0,0.0,8,1.0,600,1
471,1,0,0,1.0,17,8,0,17,9970,1.379096,0.391293,1.770389,0.171304,0.712364,0.0,0.0,8,1.0,600,1
472,1,0,0,1.0,19,7,0,19,9989,1.282747,0.504196,1.786942,0.171304,0.771461,0.0,0.0,8,1.0,600,1
473,1,0,0,1.0,19,7,0,19,10008,1.368923,0.335499,1.704421,0.171304,0.684562,0.0,0.0,8,1.0,600,1
474,1,0,0,1.0,17,7,0,17,10025,1.564422,0.385161,1.949583,0.171304,0.668663,0.0,0.0,8,1.0,600,1
475,1,0,0,1.0,25,7,0,25,10050,1.33048,0.444524,1.775005,0.171304,0.679265,0.0,0.0,8,1.0,600,1
476,1,0,0,1.0,15,6,0,15,10065,1.436532,0.509947,1.946479,0.171304,0.688481,0.0,0.0,8,1.0,600,1
477,1,0,0,1.0,19,7,0,19,10084,1.376165,0.360901,1.737066,0.171304,0.734733,0.0,0.0,8,1.0,600,1
478,1,0,0,1.0,27,7,0,27,10111,1.465943,0.519619,1.985562,0.171304,0.73734,0.0,0.0,8,1.0,600,1
479,1,0,0,1.0,17,6,0,17,10128,1.402328,0.279783,1.68211,0.171304,0.708632,0.0,0.0,8,1.0,600,1
480,1,0,0,1.0,27,8,0,27,10155,1.417852,0.323211,1.741063,0.171304,0.754838,0.0,0.0,8,1.0,600,1
481,1,0,0,1.0,19,8,0,19,10174,1.410731,0.39446,1.805191,0.171304,0.674282,0.0,0.0,8,1.0,600,1
482,2,0,0,1.0,16,6,0,16,10190,1.450605,0.35549,1.806095,0.171304,0.670701,0.0,0.0,8,1.0,600,1
483,1,0,0,1.0,17,7,0,17,10207,1.418082,0.379377,1.797459,0.171304,0.660905,0.0,0.0,8,1.0,600,1
484,2,0,0,1.0,18,6,0,18,10225,1.393664,0.33871,1.732373,0.171304,0.698386,0.0,0.0,8,1.0,600,1
485,2,0,0,1.0,18,7,0,18,10243,1.401895,0.364856,1.766751,0.171304,0.67993,0.0,0.0,8,1.0,600,1
486,2,0,0,1.0,14,8,0,14,10257,1.306242,0.448867,1.75511,0.171304,0.69151,0.0,0.0,8,1.0,600,1
487,1,0,0,1.0,17,7,0,17,10274,1.458405,0.358118,1.816524,0.171304,0.690857,0.0,0.0,8,1.0,600,1
488,1,0,0,1.0,23,8,0,23,10297,1.201764,0.304458,1.506222,0.171304,0.804457,0.0,0.0,8,1.0,600,1
489,1,0,0,1.0,15,5,0,15,10312,1.339826,0.417645,1.757471,0.171304,0.587312,0.0,0.0,8,1.0,600,1
490,2,0,0,1.0,26,8,0,26,10338,1.440453,0.33739,1.777843,0.171304,0.800244,0.0,0.0,8,1.0,600,1
491,2,0,0,1.0,20,8,0,20,10358,1.379437,0.474411,1.853848,0.171304,0.772454,0.0,0.0,8,1.0,600,1
492,1,0,0,1.0,17,7,0,17,10375,1.329308,0.399413,1.728721,0.171304,0.628204,0.0,0.0,8,1.0,600,1
493,2,0,0,1.0,40,8,0,40,10415,1.495751,0.48753,1.983281,0.171304,0.780593,0.0,0.0,8,1.0,600,1
494,1,0,0,1.0,17,8,0,17,10432,1.262294,0.445925,1.708219,0.171304,0.708436,0.0,0.0,8,1.0,600,1
495,1,0,0,1.0,19,8,0,19,10451,1.19561,0.402752,1.598362,0.171304,0.655391,0.0,0.0,8,1.0,600,1
496,1,0,0,1.0,19,8,0,19,10470,1.172467,0.380778,1.553245,0.171304,0.737896,0.0,0.0,8,1.0,600,1
497,1,0,0,1.0,21,7,0,21,10491,1.377958,0.432972,1.81093,0.171304,0.663805,0.0,0.0,8,1.0,600,1
498,1,0,0,1.0,15,6,0,15,10506,1.366866,0.377529,1.744395,0.171304,0.595326,0.0,0.0,8,1.0,600,1
499,2,0,0,1.0,14,8,0,14,10520,1.449775,0.392789,1.842565,0.171304,0.640711,0.0,0.0,8,1.0,600,1
500,2,0,0,1.0,18,8,0,18,10538,1.347334,0.395093,1.742427,0.171304,0.792339,0.0,0.0,8,1.0,600,1
