game,winner,timeout,adjudicated_timeout,target_value_strength,timeout_adjudication_mode,timeout_adjudication_max_value,steps,walls,invalid_moves,examples_generated,replay_size,policy_loss,value_loss,total_loss,best_value_loss,avg_root_max_visit_ratio,action_temperature,temperature_after_drop,temperature_drop_step,target_policy_temperature,num_simulations,mcts_batch_size
1,1,0,0,1.0,fixed,0.5,27,7,0,27,27,1.75538,0.700959,2.456339,0.700959,0.689668,0.0,0.0,8,1.0,600,1
2,2,0,0,1.0,fixed,0.5,30,7,0,30,57,1.774645,0.507929,2.282575,0.507929,0.557262,0.0,0.0,8,1.0,600,1
3,2,0,0,1.0,fixed,0.5,18,8,0,18,75,1.684493,0.559179,2.243671,0.507929,0.706826,0.0,0.0,8,1.0,600,1
4,1,0,0,1.0,fixed,0.5,23,8,0,23,98,1.641728,0.493493,2.13522,0.493493,0.650142,0.0,0.0,8,1.0,600,1
5,1,0,0,1.0,fixed,0.5,21,6,0,21,119,1.669394,0.529055,2.198449,0.493493,0.605613,0.0,0.0,8,1.0,600,1
6,2,0,0,1.0,fixed,0.5,14,5,0,14,133,1.695536,0.421532,2.117068,0.421532,0.693656,0.0,0.0,8,1.0,600,1
7,1,0,0,1.0,fixed,0.5,19,6,0,19,152,1.534017,0.415917,1.949934,0.415917,0.729461,0.0,0.0,8,1.0,600,1
8,1,0,0,1.0,fixed,0.5,15,7,0,15,167,1.633052,0.438756,2.071808,0.415917,0.639733,0.0,0.0,8,1.0,600,1
9,1,0,0,1.0,fixed,0.5,21,7,0,21,188,1.479686,0.422502,1.902188,0.415917,0.7057,0.0,0.0,8,1.0,600,1
10,1,0,0,1.0,fixed,0.5,19,8,0,19,207,1.499535,0.379759,1.879293,0.379759,0.656796,0.0,0.0,8,1.0,600,1
11,1,0,0,1.0,fixed,0.5,19,8,0,19,226,1.641771,0.415094,2.056865,0.379759,0.636324,0.0,0.0,8,1.0,600,1
12,1,0,0,1.0,fixed,0.5,19,7,0,19,245,1.565184,0.372916,1.9381,0.372916,0.725244,0.0,0.0,8,1.0,600,1
13,2,0,0,1.0,fixed,0.5,18,7,0,18,263,1.519223,0.344822,1.864044,0.344822,0.697273,0.0,0.0,8,1.0,600,1
14,1,0,0,1.0,fixed,0.5,15,6,0,15,278,1.568044,0.410865,1.978909,0.344822,0.66355,0.0,0.0,8,1.0,600,1
15,1,0,0,1.0,fixed,0.5,17,7,0,17,295,1.578892,0.366722,1.945614,0.344822,0.611411,0.0,0.0,8,1.0,600,1
16,1,0,0,1.0,fixed,0.5,15,7,0,15,310,1.579762,0.277369,1.857131,0.277369,0.593211,0.0,0.0,8,1.0,600,1
17,1,0,0,1.0,fixed,0.5,19,7,0,19,329,1.750342,0.350231,2.100574,0.277369,0.624022,0.0,0.0,8,1.0,600,1
18,1,0,0,1.0,fixed,0.5,17,6,0,17,346,1.64667,0.293677,1.940347,0.277369,0.526858,0.0,0.0,8,1.0,600,1
19,1,0,0,1.0,fixed,0.5,21,7,0,21,367,1.483295,0.269173,1.752468,0.269173,0.711344,0.0,0.0,8,1.0,600,1
20,1,0,0,1.0,fixed,0.5,17,7,0,17,384,1.574051,0.238892,1.812943,0.238892,0.62133,0.0,0.0,8,1.0,600,1
21,2,1,1,0.3,fixed,0.5,70,7,0,70,454,1.485233,0.1845,1.669733,0.1845,0.809444,0.0,0.0,8,1.0,600,1
22,2,0,0,1.0,fixed,0.5,16,6,0,16,470,1.370188,0.240262,1.610451,0.1845,0.645764,0.0,0.0,8,1.0,600,1
23,2,0,0,1.0,fixed,0.5,18,8,0,18,488,1.449631,0.247347,1.696978,0.1845,0.7225,0.0,0.0,8,1.0,600,1
24,1,0,0,1.0,fixed,0.5,19,7,0,19,507,1.316466,0.238443,1.554909,0.1845,0.685792,0.0,0.0,8,1.0,600,1
25,1,0,0,1.0,fixed,0.5,17,7,0,17,524,1.429374,0.272778,1.702151,0.1845,0.647746,0.0,0.0,8,1.0,600,1
26,2,0,0,1.0,fixed,0.5,18,8,0,18,542,1.419876,0.193008,1.612884,0.1845,0.710907,0.0,0.0,8,1.0,600,1
27,1,0,0,1.0,fixed,0.5,17,7,0,17,559,1.538368,0.268227,1.806595,0.1845,0.746244,0.0,0.0,8,1.0,600,1
28,2,0,0,1.0,fixed,0.5,14,6,0,14,573,1.264269,0.227969,1.492237,0.1845,0.697472,0.0,0.0,8,1.0,600,1
29,1,0,0,1.0,fixed,0.5,23,7,0,23,596,1.343498,0.229905,1.573403,0.1845,0.721275,0.0,0.0,8,1.0,600,1
30,2,0,0,1.0,fixed,0.5,20,6,0,20,616,1.43278,0.211995,1.644775,0.1845,0.695576,0.0,0.0,8,1.0,600,1
31,2,0,0,1.0,fixed,0.5,20,8,0,20,636,1.331144,0.257727,1.588871,0.1845,0.705843,0.0,0.0,8,1.0,600,1
32,1,0,0,1.0,fixed,0.5,17,7,0,17,653,1.393744,0.227567,1.621312,0.1845,0.595404,0.0,0.0,8,1.0,600,1
33,1,0,0,1.0,fixed,0.5,19,7,0,19,672,1.418099,0.250697,1.668797,0.1845,0.747035,0.0,0.0,8,1.0,600,1
34,1,0,0,1.0,fixed,0.5,17,7,0,17,689,1.454541,0.211006,1.665547,0.1845,0.594422,0.0,0.0,8,1.0,600,1
35,1,0,0,1.0,fixed,0.5,17,7,0,17,706,1.33232,0.118303,1.450623,0.118303,0.56938,0.0,0.0,8,1.0,600,1
36,1,0,0,1.0,fixed,0.5,19,7,0,19,725,1.401195,0.172345,1.57354,0.118303,0.651437,0.0,0.0,8,1.0,600,1
37,1,0,0,1.0,fixed,0.5,17,6,0,17,742,1.393904,0.25681,1.650714,0.118303,0.657468,0.0,0.0,8,1.0,600,1
38,1,0,0,1.0,fixed,0.5,17,7,0,17,759,1.38223,0.165276,1.547506,0.118303,0.672886,0.0,0.0,8,1.0,600,1
39,1,0,0,1.0,fixed,0.5,17,6,0,17,776,1.36623,0.210318,1.576548,0.118303,0.565943,0.0,0.0,8,1.0,600,1
40,2,0,0,1.0,fixed,0.5,20,7,0,20,796,1.353786,0.320297,1.674084,0.118303,0.599332,0.0,0.0,8,1.0,600,1
41,2,0,0,1.0,fixed,0.5,20,7,0,20,816,1.35815,0.244733,1.602883,0.118303,0.689983,0.0,0.0,8,1.0,600,1
42,2,0,0,1.0,fixed,0.5,18,8,0,18,834,1.350188,0.208756,1.558944,0.118303,0.709609,0.0,0.0,8,1.0,600,1
43,2,0,0,1.0,fixed,0.5,22,8,0,22,856,1.348247,0.348731,1.696978,0.118303,0.708605,0.0,0.0,8,1.0,600,1
44,1,0,0,1.0,fixed,0.5,21,7,0,21,877,1.380884,0.218403,1.599288,0.118303,0.701566,0.0,0.0,8,1.0,600,1
45,1,0,0,1.0,fixed,0.5,17,6,0,17,894,1.391222,0.313234,1.704456,0.118303,0.72297,0.0,0.0,8,1.0,600,1
46,2,0,0,1.0,fixed,0.5,20,8,0,20,914,1.322474,0.258047,1.580521,0.118303,0.763523,0.0,0.0,8,1.0,600,1
47,2,0,0,1.0,fixed,0.5,18,8,0,18,932,1.349005,0.349499,1.698504,0.118303,0.71944,0.0,0.0,8,1.0,600,1
48,2,0,0,1.0,fixed,0.5,16,8,0,16,948,1.398443,0.305763,1.704206,0.118303,0.785058,0.0,0.0,8,1.0,600,1
49,2,0,0,1.0,fixed,0.5,28,7,0,28,976,1.368227,0.280351,1.648577,0.118303,0.705581,0.0,0.0,8,1.0,600,1
50,2,0,0,1.0,fixed,0.5,18,7,0,18,994,1.302273,0.384117,1.68639,0.118303,0.658134,0.0,0.0,8,1.0,600,1
51,1,0,0,1.0,fixed,0.5,23,7,0,23,1017,1.387765,0.319681,1.707446,0.118303,0.697539,0.0,0.0,8,1.0,600,1
52,2,0,0,1.0,fixed,0.5,20,8,0,20,1037,1.355051,0.298364,1.653414,0.118303,0.735225,0.0,0.0,8,1.0,600,1
53,2,0,0,1.0,fixed,0.5,20,8,0,20,1057,1.440492,0.34293,1.783422,0.118303,0.749082,0.0,0.0,8,1.0,600,1
54,2,0,0,1.0,fixed,0.5,20,8,0,20,1077,1.445505,0.330855,1.77636,0.118303,0.72813,0.0,0.0,8,1.0,600,1
55,1,0,0,1.0,fixed,0.5,23,8,0,23,1100,1.408049,0.282283,1.690332,0.118303,0.733614,0.0,0.0,8,1.0,600,1
56,2,0,0,1.0,fixed,0.5,28,8,0,28,1128,1.300473,0.33887,1.639343,0.118303,0.684474,0.0,0.0,8,1.0,600,1
57,1,0,0,1.0,fixed,0.5,19,7,0,19,1147,1.175593,0.326448,1.502042,0.118303,0.53642,0.0,0.0,8,1.0,600,1
58,1,0,0,1.0,fixed,0.5,19,8,0,19,1166,1.472378,0.325503,1.79788,0.118303,0.61014,0.0,0.0,8,1.0,600,1
59,2,0,0,1.0,fixed,0.5,28,8,0,28,1194,1.343719,0.325165,1.668884,0.118303,0.704865,0.0,0.0,8,1.0,600,1
60,1,0,0,1.0,fixed,0.5,23,8,0,23,1217,1.326602,0.416777,1.74338,0.118303,0.716702,0.0,0.0,8,1.0,600,1
61,2,0,0,1.0,fixed,0.5,34,7,0,34,1251,1.381504,0.50668,1.888185,0.118303,0.68143,0.0,0.0,8,1.0,600,1
62,1,0,0,1.0,fixed,0.5,17,6,0,17,1268,1.397024,0.410344,1.807367,0.118303,0.644015,0.0,0.0,8,1.0,600,1
63,1,0,0,1.0,fixed,0.5,15,7,0,15,1283,1.350097,0.288332,1.63843,0.118303,0.676795,0.0,0.0,8,1.0,600,1
64,2,0,0,1.0,fixed,0.5,30,7,0,30,1313,1.295266,0.704377,1.999644,0.118303,0.705787,0.0,0.0,8,1.0,600,1
65,1,0,0,1.0,fixed,0.5,31,8,0,31,1344,1.434822,0.463922,1.898744,0.118303,0.760299,0.0,0.0,8,1.0,600,1
66,2,0,0,1.0,fixed,0.5,24,8,0,24,1368,1.444952,0.409978,1.85493,0.118303,0.621383,0.0,0.0,8,1.0,600,1
67,2,0,0,1.0,fixed,0.5,18,7,0,18,1386,1.458436,0.561036,2.019472,0.118303,0.695882,0.0,0.0,8,1.0,600,1
68,1,0,0,1.0,fixed,0.5,19,8,0,19,1405,1.31242,0.526478,1.838897,0.118303,0.604341,0.0,0.0,8,1.0,600,1
69,2,0,0,1.0,fixed,0.5,16,6,0,16,1421,1.391617,0.491898,1.883514,0.118303,0.616027,0.0,0.0,8,1.0,600,1
70,1,0,0,1.0,fixed,0.5,19,7,0,19,1440,1.280756,0.471665,1.752421,0.118303,0.690185,0.0,0.0,8,1.0,600,1
71,2,0,0,1.0,fixed,0.5,18,7,0,18,1458,1.233828,0.382587,1.616415,0.118303,0.736691,0.0,0.0,8,1.0,600,1
72,1,0,0,1.0,fixed,0.5,15,7,0,15,1473,1.323898,0.431305,1.755203,0.118303,0.631274,0.0,0.0,8,1.0,600,1
73,1,0,0,1.0,fixed,0.5,25,7,0,25,1498,1.324048,0.385005,1.709054,0.118303,0.675593,0.0,0.0,8,1.0,600,1
74,2,0,0,1.0,fixed,0.5,22,7,0,22,1520,1.392909,0.375036,1.767945,0.118303,0.71073,0.0,0.0,8,1.0,600,1
75,1,0,0,1.0,fixed,0.5,17,6,0,17,1537,1.306634,0.341375,1.648009,0.118303,0.56447,0.0,0.0,8,1.0,600,1
76,2,0,0,1.0,fixed,0.5,18,8,0,18,1555,1.43179,0.47246,1.90425,0.118303,0.654146,0.0,0.0,8,1.0,600,1
77,1,0,0,1.0,fixed,0.5,17,7,0,17,1572,1.279948,0.427832,1.70778,0.118303,0.669154,0.0,0.0,8,1.0,600,1
78,1,0,0,1.0,fixed,0.5,15,6,0,15,1587,1.445594,0.311654,1.757248,0.118303,0.664107,0.0,0.0,8,1.0,600,1
79,2,0,0,1.0,fixed,0.5,16,6,0,16,1603,1.374649,0.322236,1.696885,0.118303,0.673518,0.0,0.0,8,1.0,600,1
80,1,0,0,1.0,fixed,0.5,19,7,0,19,1622,1.299663,0.30894,1.608603,0.118303,0.610403,0.0,0.0,8,1.0,600,1
81,1,0,0,1.0,fixed,0.5,27,7,0,27,1649,1.388743,0.303466,1.692208,0.118303,0.711371,0.0,0.0,8,1.0,600,1
82,1,0,0,1.0,fixed,0.5,23,8,0,23,1672,1.397937,0.422157,1.820094,0.118303,0.643101,0.0,0.0,8,1.0,600,1
83,1,0,0,1.0,fixed,0.5,7,2,0,7,1679,1.348013,0.283519,1.631532,0.118303,0.668495,1.0,0.0,8,1.0,600,1
84,2,0,0,1.0,fixed,0.5,16,6,0,16,1695,1.441869,0.40803,1.8499,0.118303,0.658598,0.0,0.0,8,1.0,600,1
85,2,0,0,1.0,fixed,0.5,18,8,0,18,1713,1.419208,0.438115,1.857324,0.118303,0.747449,0.0,0.0,8,1.0,600,1
86,1,0,0,1.0,fixed,0.5,13,5,0,13,1726,1.466368,0.447997,1.914365,0.118303,0.61333,0.0,0.0,8,1.0,600,1
87,1,0,0,1.0,fixed,0.5,23,8,0,23,1749,1.418981,0.389594,1.808575,0.118303,0.708427,0.0,0.0,8,1.0,600,1
88,1,0,0,1.0,fixed,0.5,19,7,0,19,1768,1.319298,0.334272,1.65357,0.118303,0.677006,0.0,0.0,8,1.0,600,1
89,1,0,0,1.0,fixed,0.5,25,7,0,25,1793,1.356388,0.30315,1.659538,0.118303,0.657763,0.0,0.0,8,1.0,600,1
90,2,0,0,1.0,fixed,0.5,22,7,0,22,1815,1.340099,0.294273,1.634373,0.118303,0.656852,0.0,0.0,8,1.0,600,1
91,2,0,0,1.0,fixed,0.5,22,7,0,22,1837,1.4401,0.385523,1.825623,0.118303,0.716877,0.0,0.0,8,1.0,600,1
92,2,0,0,1.0,fixed,0.5,18,7,0,18,1855,1.411936,0.385835,1.797771,0.118303,0.719533,0.0,0.0,8,1.0,600,1
93,2,0,0,1.0,fixed,0.5,20,7,0,20,1875,1.388183,0.437579,1.825763,0.118303,0.653255,0.0,0.0,8,1.0,600,1
94,1,0,0,1.0,fixed,0.5,17,7,0,17,1892,1.465164,0.383336,1.848499,0.118303,0.630364,0.0,0.0,8,1.0,600,1
95,1,0,0,1.0,fixed,0.5,19,8,0,19,1911,1.261369,0.377674,1.639043,0.118303,0.635621,0.0,0.0,8,1.0,600,1
96,1,0,0,1.0,fixed,0.5,21,6,0,21,1932,1.34917,0.445981,1.795151,0.118303,0.592893,0.0,0.0,8,1.0,600,1
97,2,0,0,1.0,fixed,0.5,16,6,0,16,1948,1.410378,0.322742,1.73312,0.118303,0.636582,0.0,0.0,8,1.0,600,1
98,2,0,0,1.0,fixed,0.5,26,7,0,26,1974,1.41431,0.365718,1.780028,0.118303,0.623989,0.0,0.0,8,1.0,600,1
99,2,0,0,1.0,fixed,0.5,14,8,0,14,1988,1.372689,0.446855,1.819543,0.118303,0.654543,0.0,0.0,8,1.0,600,1
100,1,0,0,1.0,fixed,0.5,19,7,0,19,2007,1.404479,0.458936,1.863415,0.118303,0.672524,0.0,0.0,8,1.0,600,1
101,2,0,0,1.0,fixed,0.5,22,7,0,22,2029,1.302497,0.399531,1.702028,0.118303,0.660722,0.0,0.0,8,1.0,600,1
102,2,0,0,1.0,fixed,0.5,20,7,0,20,2049,1.391068,0.406295,1.797363,0.118303,0.614357,0.0,0.0,8,1.0,600,1
103,1,0,0,1.0,fixed,0.5,25,8,0,25,2074,1.420788,0.402528,1.823316,0.118303,0.647212,0.0,0.0,8,1.0,600,1
104,2,0,0,1.0,fixed,0.5,22,7,0,22,2096,1.318418,0.473192,1.79161,0.118303,0.747686,0.0,0.0,8,1.0,600,1
105,2,0,0,1.0,fixed,0.5,18,6,0,18,2114,1.313333,0.314956,1.628289,0.118303,0.632999,0.0,0.0,8,1.0,600,1
106,2,0,0,1.0,fixed,0.5,18,8,0,18,2132,1.423704,0.432664,1.856368,0.118303,0.68772,0.0,0.0,8,1.0,600,1
107,2,0,0,1.0,fixed,0.5,20,7,0,20,2152,1.385686,0.442336,1.828022,0.118303,0.626377,0.0,0.0,8,1.0,600,1
108,2,0,0,1.0,fixed,0.5,6,2,0,6,2158,1.441798,0.502422,1.94422,0.118303,0.647468,1.0,0.0,8,1.0,600,1
109,1,0,0,1.0,fixed,0.5,23,7,0,23,2181,1.307747,0.285256,1.593004,0.118303,0.736953,0.0,0.0,8,1.0,600,1
110,1,0,0,1.0,fixed,0.5,17,6,0,17,2198,1.341619,0.370215,1.711835,0.118303,0.608269,0.0,0.0,8,1.0,600,1
111,2,0,0,1.0,fixed,0.5,22,8,0,22,2220,1.388862,0.400711,1.789574,0.118303,0.700941,0.0,0.0,8,1.0,600,1
112,1,0,0,1.0,fixed,0.5,19,6,0,19,2239,1.34854,0.316893,1.665433,0.118303,0.658554,0.0,0.0,8,1.0,600,1
113,1,0,0,1.0,fixed,0.5,25,7,0,25,2264,1.283504,0.291685,1.575189,0.118303,0.672254,0.0,0.0,8,1.0,600,1
114,2,0,0,1.0,fixed,0.5,22,8,0,22,2286,1.316512,0.365631,1.682143,0.118303,0.734406,0.0,0.0,8,1.0,600,1
115,2,0,0,1.0,fixed,0.5,14,8,0,14,2300,1.483884,0.377729,1.861613,0.118303,0.596113,0.0,0.0,8,1.0,600,1
116,2,0,0,1.0,fixed,0.5,26,8,0,26,2326,1.365855,0.384989,1.750844,0.118303,0.71568,0.0,0.0,8,1.0,600,1
117,1,0,0,1.0,fixed,0.5,13,6,0,13,2339,1.481761,0.404561,1.886322,0.118303,0.578785,0.0,0.0,8,1.0,600,1
118,1,0,0,1.0,fixed,0.5,15,6,0,15,2354,1.376724,0.359419,1.736143,0.118303,0.613244,0.0,0.0,8,1.0,600,1
119,1,0,0,1.0,fixed,0.5,17,7,0,17,2371,1.47274,0.339675,1.812415,0.118303,0.695964,0.0,0.0,8,1.0,600,1
120,1,0,0,1.0,fixed,0.5,65,8,0,65,2436,1.390477,0.333207,1.723684,0.118303,0.723822,0.0,0.0,8,1.0,600,1
121,2,0,0,1.0,fixed,0.5,22,8,0,22,2458,1.344808,0.360004,1.704813,0.118303,0.702914,0.0,0.0,8,1.0,600,1
122,1,0,0,1.0,fixed,0.5,15,8,0,15,2473,1.392403,0.391328,1.783731,0.118303,0.669449,0.0,0.0,8,1.0,600,1
123,2,0,0,1.0,fixed,0.5,20,7,0,20,2493,1.319286,0.294452,1.613738,0.118303,0.64783,0.0,0.0,8,1.0,600,1
124,2,0,0,1.0,fixed,0.5,22,8,0,22,2515,1.306008,0.345968,1.651976,0.118303,0.729397,0.0,0.0,8,1.0,600,1
125,2,0,0,1.0,fixed,0.5,22,8,0,22,2537,1.329092,0.450143,1.779234,0.118303,0.675596,0.0,0.0,8,1.0,600,1
126,1,0,0,1.0,fixed,0.5,27,8,0,27,2564,1.378432,0.310858,1.689291,0.118303,0.72182,0.0,0.0,8,1.0,600,1
127,1,0,0,1.0,fixed,0.5,23,7,0,23,2587,1.2571,0.381998,1.639098,0.118303,0.772011,0.0,0.0,8,1.0,600,1
128,1,1,1,0.3,fixed,0.5,70,7,0,70,2657,1.452417,0.444624,1.897041,0.118303,0.696995,0.0,0.0,8,1.0,600,1
129,1,0,0,1.0,fixed,0.5,19,7,0,19,2676,1.265035,0.263132,1.528167,0.118303,0.634654,0.0,0.0,8,1.0,600,1
130,2,0,0,1.0,fixed,0.5,18,8,0,18,2694,1.414215,0.227939,1.642154,0.118303,0.681784,0.0,0.0,8,1.0,600,1
131,1,0,0,1.0,fixed,0.5,19,8,0,19,2713,1.321405,0.385271,1.706676,0.118303,0.673755,0.0,0.0,8,1.0,600,1
132,1,0,0,1.0,fixed,0.5,15,8,0,15,2728,1.272892,0.396913,1.669805,0.118303,0.713077,0.0,0.0,8,1.0,600,1
133,2,0,0,1.0,fixed,0.5,20,6,0,20,2748,1.35223,0.397655,1.749885,0.118303,0.706427,0.0,0.0,8,1.0,600,1
134,1,0,0,1.0,fixed,0.5,11,4,0,11,2759,1.364886,0.389681,1.754567,0.118303,0.622705,0.0,0.0,8,1.0,600,1
135,1,0,0,1.0,fixed,0.5,15,8,0,15,2774,1.398696,0.392832,1.791528,0.118303,0.712298,0.0,0.0,8,1.0,600,1
136,2,0,0,1.0,fixed,0.5,26,8,0,26,2800,1.394913,0.352705,1.747617,0.118303,0.730898,0.0,0.0,8,1.0,600,1
137,1,0,0,1.0,fixed,0.5,17,7,0,17,2817,1.374818,0.301571,1.67639,0.118303,0.615732,0.0,0.0,8,1.0,600,1
138,2,0,0,1.0,fixed,0.5,18,8,0,18,2835,1.399115,0.353019,1.752134,0.118303,0.702467,0.0,0.0,8,1.0,600,1
139,1,0,0,1.0,fixed,0.5,19,6,0,19,2854,1.313678,0.375169,1.688848,0.118303,0.591688,0.0,0.0,8,1.0,600,1
140,1,0,0,1.0,fixed,0.5,13,5,0,13,2867,1.363594,0.400914,1.764508,0.118303,0.57917,0.0,0.0,8,1.0,600,1
141,1,0,0,1.0,fixed,0.5,17,8,0,17,2884,1.384249,0.23307,1.617319,0.118303,0.66886,0.0,0.0,8,1.0,600,1
142,2,1,1,0.3,fixed,0.5,70,8,0,70,2954,1.423751,0.432967,1.856719,0.118303,0.721894,0.0,0.0,8,1.0,600,1
143,2,0,0,1.0,fixed,0.5,26,8,0,26,2980,1.400722,0.343116,1.743837,0.118303,0.790677,0.0,0.0,8,1.0,600,1
144,2,0,0,1.0,fixed,0.5,16,6,0,16,2996,1.321517,0.343778,1.665295,0.118303,0.696056,0.0,0.0,8,1.0,600,1
145,2,0,0,1.0,fixed,0.5,18,8,0,18,3014,1.361269,0.349637,1.710907,0.118303,0.708959,0.0,0.0,8,1.0,600,1
146,1,0,0,1.0,fixed,0.5,23,7,0,23,3037,1.127718,0.279207,1.406926,0.118303,0.693257,0.0,0.0,8,1.0,600,1
147,2,0,0,1.0,fixed,0.5,14,8,0,14,3051,1.365109,0.469756,1.834866,0.118303,0.725495,0.0,0.0,8,1.0,600,1
148,2,0,0,1.0,fixed,0.5,22,6,0,22,3073,1.283394,0.300248,1.583642,0.118303,0.65579,0.0,0.0,8,1.0,600,1
149,2,0,0,1.0,fixed,0.5,10,5,0,10,3083,1.377792,0.433026,1.810818,0.118303,0.574958,0.0,0.0,8,1.0,600,1
150,2,0,0,1.0,fixed,0.5,20,6,0,20,3103,1.376672,0.387795,1.764467,0.118303,0.74374,0.0,0.0,8,1.0,600,1
151,1,0,0,1.0,fixed,0.5,15,8,0,15,3118,1.409072,0.449007,1.85808,0.118303,0.691597,0.0,0.0,8,1.0,600,1
152,2,0,0,1.0,fixed,0.5,22,8,0,22,3140,1.267787,0.403761,1.671548,0.118303,0.733343,0.0,0.0,8,1.0,600,1
153,1,0,0,1.0,fixed,0.5,17,8,0,17,3157,1.379185,0.343328,1.722513,0.118303,0.633998,0.0,0.0,8,1.0,600,1
154,2,0,0,1.0,fixed,0.5,14,8,0,14,3171,1.379653,0.479683,1.859336,0.118303,0.655378,0.0,0.0,8,1.0,600,1
155,1,0,0,1.0,fixed,0.5,13,6,0,13,3184,1.424228,0.34154,1.765767,0.118303,0.635418,0.0,0.0,8,1.0,600,1
156,2,0,0,1.0,fixed,0.5,22,8,0,22,3206,1.44538,0.333602,1.778982,0.118303,0.719684,0.0,0.0,8,1.0,600,1
157,2,0,0,1.0,fixed,0.5,18,8,0,18,3224,1.328387,0.373484,1.701872,0.118303,0.741143,0.0,0.0,8,1.0,600,1
158,2,0,0,1.0,fixed,0.5,14,8,0,14,3238,1.308974,0.378153,1.687127,0.118303,0.624493,0.0,0.0,8,1.0,600,1
159,1,0,0,1.0,fixed,0.5,17,7,0,17,3255,1.246233,0.369754,1.615987,0.118303,0.638122,0.0,0.0,8,1.0,600,1
160,2,0,0,1.0,fixed,0.5,22,8,0,22,3277,1.458887,0.359792,1.818679,0.118303,0.67294,0.0,0.0,8,1.0,600,1
161,1,0,0,1.0,fixed,0.5,19,7,0,19,3296,1.34809,0.397179,1.745269,0.118303,0.709428,0.0,0.0,8,1.0,600,1
162,1,1,1,0.3,fixed,0.5,70,8,0,70,3366,1.34866,0.445739,1.794399,0.118303,0.819723,0.0,0.0,8,1.0,600,1
163,2,0,0,1.0,fixed,0.5,14,6,0,14,3380,1.316213,0.318385,1.634597,0.118303,0.708085,0.0,0.0,8,1.0,600,1
164,2,0,0,1.0,fixed,0.5,28,8,0,28,3408,1.34788,0.389146,1.737026,0.118303,0.703852,0.0,0.0,8,1.0,600,1
165,2,0,0,1.0,fixed,0.5,16,8,0,16,3424,1.333034,0.438276,1.77131,0.118303,0.705551,0.0,0.0,8,1.0,600,1
166,2,0,0,1.0,fixed,0.5,22,8,0,22,3446,1.308748,0.379486,1.688234,0.118303,0.691455,0.0,0.0,8,1.0,600,1
167,2,0,0,1.0,fixed,0.5,24,8,0,24,3470,1.352049,0.449934,1.801983,0.118303,0.663606,0.0,0.0,8,1.0,600,1
168,1,0,0,1.0,fixed,0.5,19,7,0,19,3489,1.219202,0.307015,1.526217,0.118303,0.671294,0.0,0.0,8,1.0,600,1
169,1,0,0,1.0,fixed,0.5,15,7,0,15,3504,1.462369,0.400928,1.863298,0.118303,0.648525,0.0,0.0,8,1.0,600,1
170,2,0,0,1.0,fixed,0.5,16,7,0,16,3520,1.259791,0.506483,1.766273,0.118303,0.661728,0.0,0.0,8,1.0,600,1
171,1,0,0,1.0,fixed,0.5,19,6,0,19,3539,1.384482,0.42097,1.805452,0.118303,0.694051,0.0,0.0,8,1.0,600,1
172,1,0,0,1.0,fixed,0.5,15,8,0,15,3554,1.277224,0.48615,1.763374,0.118303,0.705064,0.0,0.0,8,1.0,600,1
173,1,0,0,1.0,fixed,0.5,21,6,0,21,3575,1.322885,0.402548,1.725433,0.118303,0.734955,0.0,0.0,8,1.0,600,1
174,2,0,0,1.0,fixed,0.5,22,8,0,22,3597,1.439824,0.408021,1.847845,0.118303,0.72014,0.0,0.0,8,1.0,600,1
175,2,0,0,1.0,fixed,0.5,14,8,0,14,3611,1.37822,0.368497,1.746717,0.118303,0.737539,0.0,0.0,8,1.0,600,1
176,1,0,0,1.0,fixed,0.5,15,7,0,15,3626,1.400636,0.394908,1.795543,0.118303,0.650195,0.0,0.0,8,1.0,600,1
177,2,0,0,1.0,fixed,0.5,8,3,0,8,3634,1.248909,0.277075,1.525983,0.118303,0.676336,1.0,0.0,8,1.0,600,1
178,1,0,0,1.0,fixed,0.5,15,7,0,15,3649,1.370782,0.391799,1.762581,0.118303,0.668002,0.0,0.0,8,1.0,600,1
179,1,0,0,1.0,fixed,0.5,15,8,0,15,3664,1.311601,0.390317,1.701917,0.118303,0.719644,0.0,0.0,8,1.0,600,1
180,1,0,0,1.0,fixed,0.5,19,7,0,19,3683,1.295736,0.431984,1.72772,0.118303,0.688692,0.0,0.0,8,1.0,600,1
181,1,0,0,1.0,fixed,0.5,15,8,0,15,3698,1.330808,0.280544,1.611352,0.118303,0.717195,0.0,0.0,8,1.0,600,1
182,1,0,0,1.0,fixed,0.5,19,7,0,19,3717,1.333661,0.408531,1.742192,0.118303,0.751779,0.0,0.0,8,1.0,600,1
183,1,0,0,1.0,fixed,0.5,19,7,0,19,3736,1.453053,0.387341,1.840394,0.118303,0.671294,0.0,0.0,8,1.0,600,1
184,2,0,0,1.0,fixed,0.5,18,7,0,18,3754,1.291888,0.38104,1.672928,0.118303,0.722037,0.0,0.0,8,1.0,600,1
185,2,0,0,1.0,fixed,0.5,32,8,0,32,3786,1.298905,0.411582,1.710487,0.118303,0.65818,0.0,0.0,8,1.0,600,1
186,1,0,0,1.0,fixed,0.5,15,8,0,15,3801,1.376066,0.382644,1.758711,0.118303,0.699944,0.0,0.0,8,1.0,600,1
187,2,0,0,1.0,fixed,0.5,20,8,0,20,3821,1.236538,0.43268,1.669218,0.118303,0.719449,0.0,0.0,8,1.0,600,1
188,2,0,0,1.0,fixed,0.5,22,8,0,22,3843,1.333606,0.367616,1.701222,0.118303,0.711034,0.0,0.0,8,1.0,600,1
189,1,0,0,1.0,fixed,0.5,17,5,0,17,3860,1.377761,0.462002,1.839763,0.118303,0.65246,0.0,0.0,8,1.0,600,1
190,1,0,0,1.0,fixed,0.5,9,4,0,9,3869,1.311149,0.321176,1.632325,0.118303,0.734929,0.0,0.0,8,1.0,600,1
191,2,0,0,1.0,fixed,0.5,30,8,0,30,3899,1.341881,0.35435,1.696231,0.118303,0.658653,0.0,0.0,8,1.0,600,1
192,2,0,0,1.0,fixed,0.5,18,6,0,18,3917,1.317317,0.330846,1.648163,0.118303,0.697922,0.0,0.0,8,1.0,600,1
193,1,0,0,1.0,fixed,0.5,23,8,0,23,3940,1.375129,0.336314,1.711443,0.118303,0.713653,0.0,0.0,8,1.0,600,1
194,1,0,0,1.0,fixed,0.5,23,7,0,23,3963,1.369812,0.298709,1.668521,0.118303,0.666255,0.0,0.0,8,1.0,600,1
195,1,0,0,1.0,fixed,0.5,7,2,0,7,3970,1.414175,0.359366,1.773541,0.118303,0.737896,1.0,0.0,8,1.0,600,1
196,1,0,0,1.0,fixed,0.5,19,6,0,19,3989,1.216758,0.475238,1.691996,0.118303,0.638696,0.0,0.0,8,1.0,600,1
197,1,0,0,1.0,fixed,0.5,15,6,0,15,4004,1.396751,0.38517,1.78192,0.118303,0.589538,0.0,0.0,8,1.0,600,1
198,1,0,0,1.0,fixed,0.5,15,8,0,15,4019,1.312805,0.338098,1.650903,0.118303,0.708848,0.0,0.0,8,1.0,600,1
199,2,0,0,1.0,fixed,0.5,16,7,0,16,4035,1.291027,0.426042,1.717069,0.118303,0.648685,0.0,0.0,8,1.0,600,1
200,1,0,0,1.0,fixed,0.5,19,8,0,19,4054,1.32792,0.417237,1.745157,0.118303,0.654336,0.0,0.0,8,1.0,600,1
201,1,0,0,1.0,fixed,0.5,19,7,0,19,4073,1.338782,0.462047,1.800829,0.118303,0.688164,0.0,0.0,8,1.0,600,1
202,1,0,0,1.0,fixed,0.5,21,8,0,21,4094,1.316956,0.379748,1.696704,0.118303,0.672788,0.0,0.0,8,1.0,600,1
203,2,0,0,1.0,fixed,0.5,16,7,0,16,4110,1.386173,0.262098,1.648272,0.118303,0.672266,0.0,0.0,8,1.0,600,1
204,1,0,0,1.0,fixed,0.5,19,7,0,19,4129,1.310992,0.350793,1.661785,0.118303,0.706704,0.0,0.0,8,1.0,600,1
205,1,0,0,1.0,fixed,0.5,13,6,0,13,4142,1.290083,0.384764,1.674847,0.118303,0.616797,0.0,0.0,8,1.0,600,1
206,1,0,0,1.0,fixed,0.5,17,6,0,17,4159,1.316575,0.320705,1.63728,0.118303,0.664343,0.0,0.0,8,1.0,600,1
207,1,0,0,1.0,fixed,0.5,13,5,0,13,4172,1.319695,0.421597,1.741292,0.118303,0.546552,0.0,0.0,8,1.0,600,1
208,2,0,0,1.0,fixed,0.5,8,3,0,8,4180,1.37781,0.384619,1.762429,0.118303,0.833264,1.0,0.0,8,1.0,600,1
209,1,0,0,1.0,fixed,0.5,19,7,0,19,4199,1.454567,0.425447,1.880015,0.118303,0.624989,0.0,0.0,8,1.0,600,1
210,1,0,0,1.0,fixed,0.5,15,8,0,15,4214,1.435377,0.336227,1.771604,0.118303,0.709961,0.0,0.0,8,1.0,600,1
211,2,0,0,1.0,fixed,0.5,20,7,0,20,4234,1.349108,0.407072,1.756181,0.118303,0.609766,0.0,0.0,8,1.0,600,1
212,1,0,0,1.0,fixed,0.5,19,7,0,19,4253,1.286056,0.320791,1.606847,0.118303,0.720148,0.0,0.0,8,1.0,600,1
213,1,0,0,1.0,fixed,0.5,29,8,0,29,4282,1.426617,0.337823,1.76444,0.118303,0.768868,0.0,0.0,8,1.0,600,1
214,2,0,0,1.0,fixed,0.5,22,8,0,22,4304,1.430531,0.372145,1.802675,0.118303,0.666793,0.0,0.0,8,1.0,600,1
215,1,0,0,1.0,fixed,0.5,17,6,0,17,4321,1.398254,0.402764,1.801018,0.118303,0.56339,0.0,0.0,8,1.0,600,1
216,2,0,0,1.0,fixed,0.5,18,8,0,18,4339,1.431972,0.379183,1.811156,0.118303,0.716379,0.0,0.0,8,1.0,600,1
217,1,0,0,1.0,fixed,0.5,23,8,0,23,4362,1.468902,0.46953,1.938431,0.118303,0.770414,0.0,0.0,8,1.0,600,1
218,1,0,0,1.0,fixed,0.5,15,5,0,15,4377,1.456332,0.460325,1.916656,0.118303,0.706288,0.0,0.0,8,1.0,600,1
219,,1,0,0.3,fixed,0.5,70,8,0,70,4447,1.320458,0.342161,1.662619,0.118303,0.758645,0.0,0.0,8,1.0,600,1
220,1,0,0,1.0,fixed,0.5,19,7,0,19,4466,1.284905,0.450201,1.735106,0.118303,0.575521,0.0,0.0,8,1.0,600,1
221,2,0,0,1.0,fixed,0.5,22,8,0,22,4488,1.376912,0.432278,1.80919,0.118303,0.662695,0.0,0.0,8,1.0,600,1
222,1,0,0,1.0,fixed,0.5,23,8,0,23,4511,1.454121,0.406363,1.860484,0.118303,0.767438,0.0,0.0,8,1.0,600,1
223,2,0,0,1.0,fixed,0.5,22,8,0,22,4533,1.339324,0.442285,1.781609,0.118303,0.673699,0.0,0.0,8,1.0,600,1
224,2,0,0,1.0,fixed,0.5,18,8,0,18,4551,1.342664,0.279456,1.62212,0.118303,0.753664,0.0,0.0,8,1.0,600,1
225,1,0,0,1.0,fixed,0.5,19,7,0,19,4570,1.411942,0.39272,1.804662,0.118303,0.72911,0.0,0.0,8,1.0,600,1
226,1,0,0,1.0,fixed,0.5,19,7,0,19,4589,1.418705,0.380083,1.798788,0.118303,0.71303,0.0,0.0,8,1.0,600,1
227,1,0,0,1.0,fixed,0.5,11,5,0,11,4600,1.250158,0.347612,1.59777,0.118303,0.612233,0.0,0.0,8,1.0,600,1
228,1,0,0,1.0,fixed,0.5,19,8,0,19,4619,1.293639,0.344146,1.637785,0.118303,0.666901,0.0,0.0,8,1.0,600,1
229,1,0,0,1.0,fixed,0.5,23,7,0,23,4642,1.346195,0.327111,1.673306,0.118303,0.620745,0.0,0.0,8,1.0,600,1
230,1,0,0,1.0,fixed,0.5,23,7,0,23,4665,1.310017,0.35393,1.663946,0.118303,0.710895,0.0,0.0,8,1.0,600,1
231,2,0,0,1.0,fixed,0.5,26,8,0,26,4691,1.327961,0.341219,1.66918,0.118303,0.739759,0.0,0.0,8,1.0,600,1
232,2,0,0,1.0,fixed,0.5,26,8,0,26,4717,1.262013,0.36126,1.623273,0.118303,0.712084,0.0,0.0,8,1.0,600,1
233,2,0,0,1.0,fixed,0.5,22,8,0,22,4739,1.361678,0.374276,1.735954,0.118303,0.755198,0.0,0.0,8,1.0,600,1
234,1,0,0,1.0,fixed,0.5,15,7,0,15,4754,1.393415,0.298875,1.69229,0.118303,0.634613,0.0,0.0,8,1.0,600,1
235,1,0,0,1.0,fixed,0.5,19,7,0,19,4773,1.435266,0.332024,1.76729,0.118303,0.735348,0.0,0.0,8,1.0,600,1
236,1,0,0,1.0,fixed,0.5,15,7,0,15,4788,1.296388,0.458566,1.754953,0.118303,0.634725,0.0,0.0,8,1.0,600,1
237,1,0,0,1.0,fixed,0.5,23,8,0,23,4811,1.38212,0.413121,1.795242,0.118303,0.752051,0.0,0.0,8,1.0,600,1
238,1,0,0,1.0,fixed,0.5,15,8,0,15,4826,1.432043,0.453179,1.885222,0.118303,0.712966,0.0,0.0,8,1.0,600,1
239,2,0,0,1.0,fixed,0.5,16,8,0,16,4842,1.30584,0.482051,1.787891,0.118303,0.700751,0.0,0.0,8,1.0,600,1
240,2,0,0,1.0,fixed,0.5,22,7,0,22,4864,1.328686,0.419004,1.747689,0.118303,0.741463,0.0,0.0,8,1.0,600,1
241,2,0,0,1.0,fixed,0.5,18,7,0,18,4882,1.516991,0.479317,1.996308,0.118303,0.725932,0.0,0.0,8,1.0,600,1
242,2,0,0,1.0,fixed,0.5,20,8,0,20,4902,1.237932,0.327513,1.565445,0.118303,0.717863,0.0,0.0,8,1.0,600,1
243,2,0,0,1.0,fixed,0.5,64,8,0,64,4966,1.363745,0.417404,1.781149,0.118303,0.753052,0.0,0.0,8,1.0,600,1
244,1,0,0,1.0,fixed,0.5,19,6,0,19,4985,1.297051,0.398589,1.69564,0.118303,0.611546,0.0,0.0,8,1.0,600,1
245,1,0,0,1.0,fixed,0.5,27,8,0,27,5012,1.454757,0.489623,1.94438,0.118303,0.704198,0.0,0.0,8,1.0,600,1
246,1,1,1,0.3,fixed,0.5,70,8,0,70,5082,1.277939,0.303198,1.581137,0.118303,0.833222,0.0,0.0,8,1.0,600,1
247,2,0,0,1.0,fixed,0.5,18,7,0,18,5100,1.412479,0.426803,1.839282,0.118303,0.769245,0.0,0.0,8,1.0,600,1
248,1,0,0,1.0,fixed,0.5,7,2,0,7,5107,1.405435,0.464581,1.870016,0.118303,0.768424,1.0,0.0,8,1.0,600,1
249,1,0,0,1.0,fixed,0.5,19,7,0,19,5126,1.373061,0.378587,1.751649,0.118303,0.661278,0.0,0.0,8,1.0,600,1
250,2,0,0,1.0,fixed,0.5,20,7,0,20,5146,1.21911,0.335219,1.554329,0.118303,0.705509,0.0,0.0,8,1.0,600,1
251,2,0,0,1.0,fixed,0.5,18,7,0,18,5164,1.370165,0.429995,1.800159,0.118303,0.729735,0.0,0.0,8,1.0,600,1
252,1,0,0,1.0,fixed,0.5,17,6,0,17,5181,1.454936,0.454483,1.909418,0.118303,0.61966,0.0,0.0,8,1.0,600,1
253,2,0,0,1.0,fixed,0.5,18,8,0,18,5199,1.271435,0.457785,1.72922,0.118303,0.698757,0.0,0.0,8,1.0,600,1
254,2,0,0,1.0,fixed,0.5,20,7,0,20,5219,1.394769,0.476398,1.871167,0.118303,0.704925,0.0,0.0,8,1.0,600,1
255,1,0,0,1.0,fixed,0.5,23,8,0,23,5242,1.289626,0.354768,1.644394,0.118303,0.750889,0.0,0.0,8,1.0,600,1
256,1,0,0,1.0,fixed,0.5,17,7,0,17,5259,1.35066,0.391899,1.742559,0.118303,0.669547,0.0,0.0,8,1.0,600,1
257,2,0,0,1.0,fixed,0.5,10,5,0,10,5269,1.409158,0.393911,1.80307,0.118303,0.620033,0.0,0.0,8,1.0,600,1
258,1,0,0,1.0,fixed,0.5,17,6,0,17,5286,1.383226,0.449727,1.832953,0.118303,0.619562,0.0,0.0,8,1.0,600,1
259,1,0,0,1.0,fixed,0.5,17,7,0,17,5303,1.278572,0.400528,1.6791,0.118303,0.688402,0.0,0.0,8,1.0,600,1
260,2,0,0,1.0,fixed,0.5,12,5,0,12,5315,1.260377,0.360151,1.620528,0.118303,0.663328,0.0,0.0,8,1.0,600,1
261,1,0,0,1.0,fixed,0.5,15,8,0,15,5330,1.375875,0.394639,1.770514,0.118303,0.66522,0.0,0.0,8,1.0,600,1
262,2,0,0,1.0,fixed,0.5,22,8,0,22,5352,1.298231,0.290152,1.588383,0.118303,0.724313,0.0,0.0,8,1.0,600,1
263,1,0,0,1.0,fixed,0.5,17,7,0,17,5369,1.250142,0.493658,1.743801,0.118303,0.608858,0.0,0.0,8,1.0,600,1
264,1,0,0,1.0,fixed,0.5,21,8,0,21,5390,1.329088,0.379733,1.708822,0.118303,0.724223,0.0,0.0,8,1.0,600,1
265,1,0,0,1.0,fixed,0.5,9,4,0,9,5399,1.248212,0.33506,1.583272,0.118303,0.569653,0.0,0.0,8,1.0,600,1
266,1,0,0,1.0,fixed,0.5,23,7,0,23,5422,1.286549,0.430775,1.717324,0.118303,0.682224,0.0,0.0,8,1.0,600,1
267,2,0,0,1.0,fixed,0.5,22,8,0,22,5444,1.19559,0.398439,1.59403,0.118303,0.72659,0.0,0.0,8,1.0,600,1
268,2,0,0,1.0,fixed,0.5,18,7,0,18,5462,1.322891,0.293063,1.615953,0.118303,0.712948,0.0,0.0,8,1.0,600,1
269,2,0,0,1.0,fixed,0.5,20,6,0,20,5482,1.250553,0.361017,1.61157,0.118303,0.662437,0.0,0.0,8,1.0,600,1
270,2,0,0,1.0,fixed,0.5,14,8,0,14,5496,1.389904,0.264567,1.654471,0.118303,0.668972,0.0,0.0,8,1.0,600,1
271,1,0,0,1.0,fixed,0.5,23,7,0,23,5519,1.289265,0.248077,1.537342,0.118303,0.620745,0.0,0.0,8,1.0,600,1
272,1,0,0,1.0,fixed,0.5,19,7,0,19,5538,1.350107,0.367538,1.717645,0.118303,0.717336,0.0,0.0,8,1.0,600,1
273,1,0,0,1.0,fixed,0.5,23,7,0,23,5561,1.312258,0.275177,1.587435,0.118303,0.743486,0.0,0.0,8,1.0,600,1
274,1,0,0,1.0,fixed,0.5,41,7,0,41,5602,1.400607,0.350395,1.751002,0.118303,0.734639,0.0,0.0,8,1.0,600,1
275,2,0,0,1.0,fixed,0.5,26,7,0,26,5628,1.32375,0.373026,1.696776,0.118303,0.708938,0.0,0.0,8,1.0,600,1
276,1,1,1,0.3,fixed,0.5,70,8,0,70,5698,1.314265,0.44769,1.761955,0.118303,0.699261,0.0,0.0,8,1.0,600,1
277,1,0,0,1.0,fixed,0.5,19,7,0,19,5717,1.288407,0.334985,1.623391,0.118303,0.718039,0.0,0.0,8,1.0,600,1
278,1,0,0,1.0,fixed,0.5,23,8,0,23,5740,1.361602,0.529736,1.891338,0.118303,0.744719,0.0,0.0,8,1.0,600,1
279,1,0,0,1.0,fixed,0.5,19,7,0,19,5759,1.358007,0.42795,1.785956,0.118303,0.677445,0.0,0.0,8,1.0,600,1
280,1,0,0,1.0,fixed,0.5,17,6,0,17,5776,1.348498,0.450614,1.799112,0.118303,0.670922,0.0,0.0,8,1.0,600,1
281,1,0,0,1.0,fixed,0.5,7,3,0,7,5783,1.342872,0.388995,1.731867,0.118303,0.718579,1.0,0.0,8,1.0,600,1
282,1,0,0,1.0,fixed,0.5,11,6,0,11,5794,1.38838,0.382577,1.770958,0.118303,0.561542,0.0,0.0,8,1.0,600,1
283,1,0,0,1.0,fixed,0.5,23,8,0,23,5817,1.300941,0.325377,1.626318,0.118303,0.714306,0.0,0.0,8,1.0,600,1
284,2,0,0,1.0,fixed,0.5,18,8,0,18,5835,1.289959,0.389407,1.679365,0.118303,0.650807,0.0,0.0,8,1.0,600,1
285,2,0,0,1.0,fixed,0.5,14,8,0,14,5849,1.318889,0.385212,1.704102,0.118303,0.656093,0.0,0.0,8,1.0,600,1
286,2,0,0,1.0,fixed,0.5,16,7,0,16,5865,1.371639,0.514068,1.885707,0.118303,0.693134,0.0,0.0,8,1.0,600,1
287,2,0,0,1.0,fixed,0.5,22,8,0,22,5887,1.200769,0.511752,1.712522,0.118303,0.707012,0.0,0.0,8,1.0,600,1
288,2,0,0,1.0,fixed,0.5,18,5,0,18,5905,1.298026,0.448105,1.746132,0.118303,0.599054,0.0,0.0,8,1.0,600,1
289,1,0,0,1.0,fixed,0.5,27,8,0,27,5932,1.253298,0.407323,1.660621,0.118303,0.670624,0.0,0.0,8,1.0,600,1
290,2,0,0,1.0,fixed,0.5,16,8,0,16,5948,1.231015,0.411293,1.642308,0.118303,0.713376,0.0,0.0,8,1.0,600,1
291,1,0,0,1.0,fixed,0.5,17,7,0,17,5965,1.334963,0.445873,1.780837,0.118303,0.641658,0.0,0.0,8,1.0,600,1
292,1,1,1,0.3,fixed,0.5,70,7,0,70,6035,1.263226,0.284205,1.547431,0.118303,0.667923,0.0,0.0,8,1.0,600,1
293,2,0,0,1.0,fixed,0.5,22,7,0,22,6057,1.490887,0.481094,1.971981,0.118303,0.692518,0.0,0.0,8,1.0,600,1
294,2,0,0,1.0,fixed,0.5,18,8,0,18,6075,1.321866,0.393795,1.715661,0.118303,0.734001,0.0,0.0,8,1.0,600,1
295,1,0,0,1.0,fixed,0.5,19,7,0,19,6094,1.321982,0.352215,1.674197,0.118303,0.673491,0.0,0.0,8,1.0,600,1
296,1,0,0,1.0,fixed,0.5,31,7,0,31,6125,1.368778,0.399752,1.768531,0.118303,0.74899,0.0,0.0,8,1.0,600,1
297,2,0,0,1.0,fixed,0.5,16,6,0,16,6141,1.206151,0.396908,1.603059,0.118303,0.692613,0.0,0.0,8,1.0,600,1
298,2,0,0,1.0,fixed,0.5,18,8,0,18,6159,1.337244,0.347421,1.684665,0.118303,0.7225,0.0,0.0,8,1.0,600,1
299,2,0,0,1.0,fixed,0.5,18,6,0,18,6177,1.431719,0.365397,1.797116,0.118303,0.638657,0.0,0.0,8,1.0,600,1
300,2,0,0,1.0,fixed,0.5,14,6,0,14,6191,1.254795,0.397879,1.652674,0.118303,0.667541,0.0,0.0,8,1.0,600,1
301,2,0,0,1.0,fixed,0.5,22,8,0,22,6213,1.327206,0.447655,1.774862,0.118303,0.70428,0.0,0.0,8,1.0,600,1
302,2,0,0,1.0,fixed,0.5,18,8,0,18,6231,1.298132,0.329756,1.627888,0.118303,0.751623,0.0,0.0,8,1.0,600,1
303,1,0,0,1.0,fixed,0.5,9,4,0,9,6240,1.513193,0.408731,1.921924,0.118303,0.589687,0.0,0.0,8,1.0,600,1
304,1,0,0,1.0,fixed,0.5,17,6,0,17,6257,1.471584,0.406408,1.877992,0.118303,0.629186,0.0,0.0,8,1.0,600,1
305,1,1,1,0.3,fixed,0.5,70,8,0,70,6327,1.192141,0.363039,1.55518,0.118303,0.785094,0.0,0.0,8,1.0,600,1
306,2,0,0,1.0,fixed,0.5,18,8,0,18,6345,1.267737,0.361598,1.629335,0.118303,0.761083,0.0,0.0,8,1.0,600,1
307,1,0,0,1.0,fixed,0.5,17,7,0,17,6362,1.22371,0.381064,1.604774,0.118303,0.665816,0.0,0.0,8,1.0,600,1
308,1,0,0,1.0,fixed,0.5,23,8,0,23,6385,1.293303,0.319881,1.613184,0.118303,0.675038,0.0,0.0,8,1.0,600,1
309,1,0,0,1.0,fixed,0.5,19,7,0,19,6404,1.328516,0.398503,1.727019,0.118303,0.570952,0.0,0.0,8,1.0,600,1
310,2,0,0,1.0,fixed,0.5,16,6,0,16,6420,1.275443,0.302983,1.578426,0.118303,0.731532,0.0,0.0,8,1.0,600,1
311,2,0,0,1.0,fixed,0.5,18,6,0,18,6438,1.325874,0.383046,1.70892,0.118303,0.730848,0.0,0.0,8,1.0,600,1
312,1,0,0,1.0,fixed,0.5,27,8,0,27,6465,1.212731,0.368148,1.58088,0.118303,0.699376,0.0,0.0,8,1.0,600,1
313,2,0,0,1.0,fixed,0.5,18,8,0,18,6483,1.309148,0.249416,1.558564,0.118303,0.631701,0.0,0.0,8,1.0,600,1
314,1,0,0,1.0,fixed,0.5,15,8,0,15,6498,1.31392,0.294555,1.608476,0.118303,0.769616,0.0,0.0,8,1.0,600,1
315,1,0,0,1.0,fixed,0.5,17,7,0,17,6515,1.251176,0.403943,1.65512,0.118303,0.726701,0.0,0.0,8,1.0,600,1
316,2,0,0,1.0,fixed,0.5,18,8,0,18,6533,1.367789,0.423997,1.791786,0.118303,0.80115,0.0,0.0,8,1.0,600,1
317,1,0,0,1.0,fixed,0.5,21,6,0,21,6554,1.333494,0.569245,1.902739,0.118303,0.632403,0.0,0.0,8,1.0,600,1
318,1,0,0,1.0,fixed,0.5,15,6,0,15,6569,1.3484,0.329021,1.67742,0.118303,0.679021,0.0,0.0,8,1.0,600,1
319,1,0,0,1.0,fixed,0.5,17,6,0,17,6586,1.276586,0.355805,1.632391,0.118303,0.671315,0.0,0.0,8,1.0,600,1
320,2,0,0,1.0,fixed,0.5,26,7,0,26,6612,1.363712,0.451558,1.81527,0.118303,0.713946,0.0,0.0,8,1.0,600,1
321,2,0,0,1.0,fixed,0.5,18,8,0,18,6630,1.347575,0.357754,1.705328,0.118303,0.662586,0.0,0.0,8,1.0,600,1
322,2,0,0,1.0,fixed,0.5,18,7,0,18,6648,1.361806,0.407794,1.7696,0.118303,0.746893,0.0,0.0,8,1.0,600,1
323,2,0,0,1.0,fixed,0.5,16,7,0,16,6664,1.223747,0.478846,1.702594,0.118303,0.618427,0.0,0.0,8,1.0,600,1
324,1,0,0,1.0,fixed,0.5,15,7,0,15,6679,1.265055,0.370605,1.63566,0.118303,0.676238,0.0,0.0,8,1.0,600,1
325,2,0,0,1.0,fixed,0.5,20,7,0,20,6699,1.465024,0.396258,1.861282,0.118303,0.68414,0.0,0.0,8,1.0,600,1
326,2,0,0,1.0,fixed,0.5,22,8,0,22,6721,1.333812,0.433402,1.767213,0.118303,0.603885,0.0,0.0,8,1.0,600,1
327,2,0,0,1.0,fixed,0.5,20,6,0,20,6741,1.331488,0.448434,1.779921,0.118303,0.609182,0.0,0.0,8,1.0,600,1
328,1,0,0,1.0,fixed,0.5,23,8,0,23,6764,1.367908,0.382691,1.750599,0.118303,0.607752,0.0,0.0,8,1.0,600,1
329,2,0,0,1.0,fixed,0.5,18,6,0,18,6782,1.467479,0.446768,1.914247,0.118303,0.653868,0.0,0.0,8,1.0,600,1
330,2,0,0,1.0,fixed,0.5,16,7,0,16,6798,1.304163,0.368142,1.672304,0.118303,0.623331,0.0,0.0,8,1.0,600,1
331,2,0,0,1.0,fixed,0.5,6,2,0,6,6804,1.365169,0.354954,1.720123,0.118303,0.626878,1.0,0.0,8,1.0,600,1
332,2,0,0,1.0,fixed,0.5,10,5,0,10,6814,1.260316,0.443187,1.703503,0.118303,0.629048,0.0,0.0,8,1.0,600,1
333,1,0,0,1.0,fixed,0.5,17,7,0,17,6831,1.404712,0.388225,1.792937,0.118303,0.646666,0.0,0.0,8,1.0,600,1
334,2,0,0,1.0,fixed,0.5,18,7,0,18,6849,1.358908,0.309168,1.668076,0.118303,0.668522,0.0,0.0,8,1.0,600,1
335,1,0,0,1.0,fixed,0.5,17,6,0,17,6866,1.227078,0.402964,1.630042,0.118303,0.550034,0.0,0.0,8,1.0,600,1
336,2,0,0,1.0,fixed,0.5,20,7,0,20,6886,1.418885,0.439366,1.85825,0.118303,0.613272,0.0,0.0,8,1.0,600,1
337,2,0,0,1.0,fixed,0.5,18,8,0,18,6904,1.32514,0.457558,1.782698,0.118303,0.736227,0.0,0.0,8,1.0,600,1
338,1,0,0,1.0,fixed,0.5,15,7,0,15,6919,1.279431,0.44938,1.728811,0.118303,0.638509,0.0,0.0,8,1.0,600,1
339,2,0,0,1.0,fixed,0.5,16,7,0,16,6935,1.492408,0.334135,1.826543,0.118303,0.659641,0.0,0.0,8,1.0,600,1
340,2,0,0,1.0,fixed,0.5,20,8,0,20,6955,1.321996,0.475088,1.797084,0.118303,0.655175,0.0,0.0,8,1.0,600,1
341,1,0,0,1.0,fixed,0.5,11,5,0,11,6966,1.372127,0.48564,1.857767,0.118303,0.638033,0.0,0.0,8,1.0,600,1
342,1,0,0,1.0,fixed,0.5,19,7,0,19,6985,1.275903,0.389983,1.665886,0.118303,0.674106,0.0,0.0,8,1.0,600,1
343,2,0,0,1.0,fixed,0.5,16,7,0,16,7001,1.467633,0.505717,1.97335,0.118303,0.640964,0.0,0.0,8,1.0,600,1
344,2,0,0,1.0,fixed,0.5,18,7,0,18,7019,1.359876,0.489065,1.848941,0.118303,0.659061,0.0,0.0,8,1.0,600,1
345,2,0,0,1.0,fixed,0.5,36,8,0,36,7055,1.349754,0.407352,1.757106,0.118303,0.505982,0.0,0.0,8,1.0,600,1
346,2,0,0,1.0,fixed,0.5,18,7,0,18,7073,1.492971,0.32575,1.818721,0.118303,0.595344,0.0,0.0,8,1.0,600,1
347,1,0,0,1.0,fixed,0.5,19,7,0,19,7092,1.283111,0.333428,1.616539,0.118303,0.54055,0.0,0.0,8,1.0,600,1
348,2,0,0,1.0,fixed,0.5,16,7,0,16,7108,1.348807,0.387063,1.73587,0.118303,0.670075,0.0,0.0,8,1.0,600,1
349,1,0,0,1.0,fixed,0.5,23,8,0,23,7131,1.299297,0.422654,1.721951,0.118303,0.72788,0.0,0.0,8,1.0,600,1
350,1,0,0,1.0,fixed,0.5,19,6,0,19,7150,1.241532,0.37506,1.616592,0.118303,0.67516,0.0,0.0,8,1.0,600,1
351,1,0,0,1.0,fixed,0.5,23,7,0,23,7173,1.441309,0.410276,1.851585,0.118303,0.636641,0.0,0.0,8,1.0,600,1
352,2,0,0,1.0,fixed,0.5,30,8,0,30,7203,1.254812,0.343949,1.59876,0.118303,0.746689,0.0,0.0,8,1.0,600,1
353,1,0,0,1.0,fixed,0.5,19,7,0,19,7222,1.38242,0.328342,1.710762,0.118303,0.678851,0.0,0.0,8,1.0,600,1
354,2,0,0,1.0,fixed,0.5,18,8,0,18,7240,1.307018,0.463785,1.770802,0.118303,0.718327,0.0,0.0,8,1.0,600,1
355,1,0,0,1.0,fixed,0.5,17,6,0,17,7257,1.396784,0.317113,1.713897,0.118303,0.607778,0.0,0.0,8,1.0,600,1
356,1,0,0,1.0,fixed,0.5,19,7,0,19,7276,1.313073,0.376926,1.689999,0.118303,0.628152,0.0,0.0,8,1.0,600,1
357,2,0,0,1.0,fixed,0.5,16,6,0,16,7292,1.395613,0.402324,1.797936,0.118303,0.557074,0.0,0.0,8,1.0,600,1
358,1,0,0,1.0,fixed,0.5,21,7,0,21,7313,1.285716,0.354629,1.640346,0.118303,0.654742,0.0,0.0,8,1.0,600,1
359,2,0,0,1.0,fixed,0.5,8,3,0,8,7321,1.313631,0.469543,1.783174,0.118303,0.525876,1.0,0.0,8,1.0,600,1
360,1,0,0,1.0,fixed,0.5,15,6,0,15,7336,1.216463,0.370268,1.586732,0.118303,0.572176,0.0,0.0,8,1.0,600,1
361,2,0,0,1.0,fixed,0.5,24,8,0,24,7360,1.328553,0.323083,1.651636,0.118303,0.794797,0.0,0.0,8,1.0,600,1
362,2,0,0,1.0,fixed,0.5,16,7,0,16,7376,1.321302,0.306692,1.627994,0.118303,0.656928,0.0,0.0,8,1.0,600,1
363,2,0,0,1.0,fixed,0.5,20,6,0,20,7396,1.32724,0.425864,1.753104,0.118303,0.592154,0.0,0.0,8,1.0,600,1
364,2,0,0,1.0,fixed,0.5,16,6,0,16,7412,1.345719,0.466895,1.812614,0.118303,0.664754,0.0,0.0,8,1.0,600,1
365,1,0,0,1.0,fixed,0.5,17,7,0,17,7429,1.365768,0.422191,1.787959,0.118303,0.580968,0.0,0.0,8,1.0,600,1
366,2,0,0,1.0,fixed,0.5,16,7,0,16,7445,1.305495,0.477083,1.782578,0.118303,0.618009,0.0,0.0,8,1.0,600,1
367,1,0,0,1.0,fixed,0.5,19,7,0,19,7464,1.243743,0.397461,1.641204,0.118303,0.635181,0.0,0.0,8,1.0,600,1
368,2,0,0,1.0,fixed,0.5,16,6,0,16,7480,1.334298,0.345854,1.680151,0.118303,0.685831,0.0,0.0,8,1.0,600,1
369,2,0,0,1.0,fixed,0.5,18,7,0,18,7498,1.325158,0.38839,1.713548,0.118303,0.739288,0.0,0.0,8,1.0,600,1
370,2,0,0,1.0,fixed,0.5,18,6,0,18,7516,1.46517,0.421198,1.886368,0.118303,0.502319,0.0,0.0,8,1.0,600,1
371,2,0,0,1.0,fixed,0.5,18,8,0,18,7534,1.353412,0.427022,1.780434,0.118303,0.754127,0.0,0.0,8,1.0,600,1
372,2,0,0,1.0,fixed,0.5,20,8,0,20,7554,1.573522,0.442008,2.015531,0.118303,0.752504,0.0,0.0,8,1.0,600,1
373,1,0,0,1.0,fixed,0.5,23,7,0,23,7577,1.463685,0.437747,1.901431,0.118303,0.741671,0.0,0.0,8,1.0,600,1
374,1,0,0,1.0,fixed,0.5,15,7,0,15,7592,1.322044,0.401049,1.723093,0.118303,0.601447,0.0,0.0,8,1.0,600,1
375,2,0,0,1.0,fixed,0.5,18,6,0,18,7610,1.391168,0.486896,1.878064,0.118303,0.58338,0.0,0.0,8,1.0,600,1
376,2,0,0,1.0,fixed,0.5,18,8,0,18,7628,1.402576,0.353003,1.755579,0.118303,0.682805,0.0,0.0,8,1.0,600,1
377,2,0,0,1.0,fixed,0.5,22,7,0,22,7650,1.374407,0.47075,1.845157,0.118303,0.772576,0.0,0.0,8,1.0,600,1
378,2,0,0,1.0,fixed,0.5,22,8,0,22,7672,1.400161,0.517397,1.917558,0.118303,0.74852,0.0,0.0,8,1.0,600,1
379,2,0,0,1.0,fixed,0.5,18,6,0,18,7690,1.460803,0.418804,1.879607,0.118303,0.677611,0.0,0.0,8,1.0,600,1
380,1,0,0,1.0,fixed,0.5,17,7,0,17,7707,1.396731,0.266064,1.662795,0.118303,0.657567,0.0,0.0,8,1.0,600,1
381,2,0,0,1.0,fixed,0.5,34,8,0,34,7741,1.340062,0.405009,1.745071,0.118303,0.713886,0.0,0.0,8,1.0,600,1
382,2,0,0,1.0,fixed,0.5,14,8,0,14,7755,1.409757,0.394885,1.804642,0.118303,0.647031,0.0,0.0,8,1.0,600,1
383,2,0,0,1.0,fixed,0.5,18,8,0,18,7773,1.462592,0.383262,1.845855,0.118303,0.786311,0.0,0.0,8,1.0,600,1
384,2,0,0,1.0,fixed,0.5,20,7,0,20,7793,1.370883,0.249103,1.619986,0.118303,0.708013,0.0,0.0,8,1.0,600,1
385,2,0,0,1.0,fixed,0.5,24,8,0,24,7817,1.332436,0.448346,1.780782,0.118303,0.752852,0.0,0.0,8,1.0,600,1
386,2,0,0,1.0,fixed,0.5,22,8,0,22,7839,1.469742,0.378156,1.847898,0.118303,0.7253,0.0,0.0,8,1.0,600,1
387,2,0,0,1.0,fixed,0.5,12,5,0,12,7851,1.529672,0.34103,1.870702,0.118303,0.612549,0.0,0.0,8,1.0,600,1
388,1,1,1,0.3,fixed,0.5,70,8,0,70,7921,1.401868,0.377733,1.779601,0.118303,0.751324,0.0,0.0,8,1.0,600,1
389,1,0,0,1.0,fixed,0.5,19,7,0,19,7940,1.488237,0.432119,1.920356,0.118303,0.662596,0.0,0.0,8,1.0,600,1
390,2,0,0,1.0,fixed,0.5,20,6,0,20,7960,1.342706,0.450524,1.793231,0.118303,0.61202,0.0,0.0,8,1.0,600,1
391,2,0,0,1.0,fixed,0.5,20,8,0,20,7980,1.363539,0.295593,1.659132,0.118303,0.668447,0.0,0.0,8,1.0,600,1
392,2,0,0,1.0,fixed,0.5,16,8,0,16,7996,1.252994,0.34463,1.597625,0.118303,0.69303,0.0,0.0,8,1.0,600,1
393,1,0,0,1.0,fixed,0.5,23,7,0,23,8019,1.466817,0.474653,1.94147,0.118303,0.664441,0.0,0.0,8,1.0,600,1
394,1,0,0,1.0,fixed,0.5,17,8,0,17,8036,1.305469,0.360841,1.666309,0.118303,0.646371,0.0,0.0,8,1.0,600,1
395,1,0,0,1.0,fixed,0.5,27,8,0,27,8063,1.202662,0.351627,1.554289,0.118303,0.691152,0.0,0.0,8,1.0,600,1
396,2,0,0,1.0,fixed,0.5,26,8,0,26,8089,1.429294,0.329735,1.759029,0.118303,0.764865,0.0,0.0,8,1.0,600,1
397,1,0,0,1.0,fixed,0.5,13,6,0,13,8102,1.44412,0.30992,1.75404,0.118303,0.657763,0.0,0.0,8,1.0,600,1
398,2,0,0,1.0,fixed,0.5,22,8,0,22,8124,1.33535,0.530278,1.865628,0.118303,0.682122,0.0,0.0,8,1.0,600,1
399,1,0,0,1.0,fixed,0.5,23,7,0,23,8147,1.410777,0.394315,1.805092,0.118303,0.672788,0.0,0.0,8,1.0,600,1
400,2,0,0,1.0,fixed,0.5,20,7,0,20,8167,1.414111,0.446329,1.86044,0.118303,0.644658,0.0,0.0,8,1.0,600,1
401,1,1,1,0.3,fixed,0.5,70,7,0,70,8237,1.422259,0.407116,1.829375,0.118303,0.548581,0.0,0.0,8,1.0,600,1
402,2,0,0,1.0,fixed,0.5,40,8,0,40,8277,1.335292,0.236023,1.571314,0.118303,0.763356,0.0,0.0,8,1.0,600,1
403,1,0,0,1.0,fixed,0.5,21,6,0,21,8298,1.266846,0.419772,1.686618,0.118303,0.665792,0.0,0.0,8,1.0,600,1
404,2,0,0,1.0,fixed,0.5,34,8,0,34,8332,1.446693,0.378009,1.824702,0.118303,0.750516,0.0,0.0,8,1.0,600,1
405,1,0,0,1.0,fixed,0.5,21,7,0,21,8353,1.425944,0.48152,1.907465,0.118303,0.680022,0.0,0.0,8,1.0,600,1
406,1,0,0,1.0,fixed,0.5,19,8,0,19,8372,1.276993,0.497982,1.774975,0.118303,0.657675,0.0,0.0,8,1.0,600,1
407,2,0,0,1.0,fixed,0.5,16,8,0,16,8388,1.269184,0.417423,1.686606,0.118303,0.672684,0.0,0.0,8,1.0,600,1
408,2,0,0,1.0,fixed,0.5,24,8,0,24,8412,1.402903,0.395956,1.798859,0.118303,0.646703,0.0,0.0,8,1.0,600,1
409,1,0,0,1.0,fixed,0.5,23,7,0,23,8435,1.306466,0.461271,1.767736,0.118303,0.751252,0.0,0.0,8,1.0,600,1
410,2,0,0,1.0,fixed,0.5,26,8,0,26,8461,1.337777,0.409365,1.747142,0.118303,0.780339,0.0,0.0,8,1.0,600,1
411,1,0,0,1.0,fixed,0.5,27,8,0,27,8488,1.450086,0.410989,1.861076,0.118303,0.680888,0.0,0.0,8,1.0,600,1
412,1,0,0,1.0,fixed,0.5,27,7,0,27,8515,1.373548,0.334459,1.708007,0.118303,0.692821,0.0,0.0,8,1.0,600,1
413,2,0,0,1.0,fixed,0.5,22,8,0,22,8537,1.448485,0.59941,2.047895,0.118303,0.661102,0.0,0.0,8,1.0,600,1
414,1,0,0,1.0,fixed,0.5,19,7,0,19,8556,1.406667,0.367407,1.774073,0.118303,0.699763,0.0,0.0,8,1.0,600,1
415,2,0,0,1.0,fixed,0.5,22,7,0,22,8578,1.314907,0.513103,1.82801,0.118303,0.706936,0.0,0.0,8,1.0,600,1
416,2,0,0,1.0,fixed,0.5,22,7,0,22,8600,1.29777,0.423248,1.721018,0.118303,0.623615,0.0,0.0,8,1.0,600,1
417,2,0,0,1.0,fixed,0.5,26,8,0,26,8626,1.321591,0.369443,1.691035,0.118303,0.723899,0.0,0.0,8,1.0,600,1
418,2,0,0,1.0,fixed,0.5,18,5,0,18,8644,1.300868,0.348202,1.64907,0.118303,0.668614,0.0,0.0,8,1.0,600,1
419,2,0,0,1.0,fixed,0.5,22,8,0,22,8666,1.36823,0.520058,1.888288,0.118303,0.7382,0.0,0.0,8,1.0,600,1
420,1,0,0,1.0,fixed,0.5,19,7,0,19,8685,1.340731,0.453209,1.793939,0.118303,0.689834,0.0,0.0,8,1.0,600,1
421,1,0,0,1.0,fixed,0.5,13,5,0,13,8698,1.323563,0.373151,1.696714,0.118303,0.680493,0.0,0.0,8,1.0,600,1
422,2,0,0,1.0,fixed,0.5,22,7,0,22,8720,1.309689,0.340905,1.650594,0.118303,0.629306,0.0,0.0,8,1.0,600,1
423,1,1,1,0.3,fixed,0.5,70,7,0,70,8790,1.32063,0.434559,1.755189,0.118303,0.770832,0.0,0.0,8,1.0,600,1
424,2,0,0,1.0,fixed,0.5,22,7,0,22,8812,1.26072,0.351847,1.612567,0.118303,0.737365,0.0,0.0,8,1.0,600,1
425,1,0,0,1.0,fixed,0.5,19,7,0,19,8831,1.382126,0.448811,1.830937,0.118303,0.641508,0.0,0.0,8,1.0,600,1
426,2,0,0,1.0,fixed,0.5,6,2,0,6,8837,1.375464,0.405429,1.780893,0.118303,0.684196,1.0,0.0,8,1.0,600,1
427,2,0,0,1.0,fixed,0.5,14,8,0,14,8851,1.481467,0.458043,1.93951,0.118303,0.635702,0.0,0.0,8,1.0,600,1
428,2,0,0,1.0,fixed,0.5,24,8,0,24,8875,1.357471,0.442009,1.799481,0.118303,0.736088,0.0,0.0,8,1.0,600,1
429,1,0,0,1.0,fixed,0.5,17,7,0,17,8892,1.331133,0.452686,1.783819,0.118303,0.585289,0.0,0.0,8,1.0,600,1
430,2,0,0,1.0,fixed,0.5,18,7,0,18,8910,1.344512,0.522661,1.867173,0.118303,0.720367,0.0,0.0,8,1.0,600,1
431,2,0,0,1.0,fixed,0.5,22,6,0,22,8932,1.435888,0.325667,1.761555,0.118303,0.631659,0.0,0.0,8,1.0,600,1
432,2,0,0,1.0,fixed,0.5,8,4,0,8,8940,1.367821,0.399976,1.767797,0.118303,0.597037,1.0,0.0,8,1.0,600,1
433,2,0,0,1.0,fixed,0.5,26,8,0,26,8966,1.501206,0.371648,1.872853,0.118303,0.73475,0.0,0.0,8,1.0,600,1
434,2,0,0,1.0,fixed,0.5,22,7,0,22,8988,1.474351,0.374228,1.84858,0.118303,0.698968,0.0,0.0,8,1.0,600,1
435,2,0,0,1.0,fixed,0.5,22,7,0,22,9010,1.36163,0.432708,1.794338,0.118303,0.717635,0.0,0.0,8,1.0,600,1
436,1,0,0,1.0,fixed,0.5,27,8,0,27,9037,1.382655,0.344664,1.727319,0.118303,0.658814,0.0,0.0,8,1.0,600,1
437,1,0,0,1.0,fixed,0.5,15,7,0,15,9052,1.39247,0.475498,1.867969,0.118303,0.651642,0.0,0.0,8,1.0,600,1
438,2,0,0,1.0,fixed,0.5,24,7,0,24,9076,1.338466,0.37105,1.709515,0.118303,0.543684,0.0,0.0,8,1.0,600,1
439,1,0,0,1.0,fixed,0.5,19,7,0,19,9095,1.291374,0.425348,1.716722,0.118303,0.548458,0.0,0.0,8,1.0,600,1
440,1,0,0,1.0,fixed,0.5,11,6,0,11,9106,1.453991,0.404467,1.858458,0.118303,0.592047,0.0,0.0,8,1.0,600,1
441,2,0,0,1.0,fixed,0.5,26,8,0,26,9132,1.360106,0.264223,1.624328,0.118303,0.704186,0.0,0.0,8,1.0,600,1
442,1,0,0,1.0,fixed,0.5,15,7,0,15,9147,1.299951,0.443243,1.743194,0.118303,0.602003,0.0,0.0,8,1.0,600,1
443,1,0,0,1.0,fixed,0.5,19,7,0,19,9166,1.443029,0.422391,1.865419,0.118303,0.711888,0.0,0.0,8,1.0,600,1
444,2,0,0,1.0,fixed,0.5,16,6,0,16,9182,1.572062,0.512172,2.084234,0.118303,0.64399,0.0,0.0,8,1.0,600,1
445,1,0,0,1.0,fixed,0.5,19,7,0,19,9201,1.379128,0.429657,1.808785,0.118303,0.664968,0.0,0.0,8,1.0,600,1
446,1,0,0,1.0,fixed,0.5,13,7,0,13,9214,1.375027,0.431365,1.806392,0.118303,0.647104,0.0,0.0,8,1.0,600,1
447,2,0,0,1.0,fixed,0.5,26,8,0,26,9240,1.381449,0.312164,1.693612,0.118303,0.662386,0.0,0.0,8,1.0,600,1
448,1,0,0,1.0,fixed,0.5,27,7,0,27,9267,1.449659,0.341083,1.790742,0.118303,0.652198,0.0,0.0,8,1.0,600,1
449,1,0,0,1.0,fixed,0.5,15,7,0,15,9282,1.344871,0.387293,1.732164,0.118303,0.676127,0.0,0.0,8,1.0,600,1
450,2,0,0,1.0,fixed,0.5,22,5,0,22,9304,1.327456,0.401037,1.728494,0.118303,0.536424,0.0,0.0,8,1.0,600,1
451,2,0,0,1.0,fixed,0.5,22,8,0,22,9326,1.354998,0.51397,1.868969,0.118303,0.619973,0.0,0.0,8,1.0,600,1
452,2,0,0,1.0,fixed,0.5,36,8,0,36,9362,1.330567,0.491757,1.822324,0.118303,0.75895,0.0,0.0,8,1.0,600,1
453,1,0,0,1.0,fixed,0.5,19,7,0,19,9381,1.338461,0.395121,1.733582,0.118303,0.641771,0.0,0.0,8,1.0,600,1
454,1,0,0,1.0,fixed,0.5,17,7,0,17,9398,1.516107,0.430536,1.946643,0.118303,0.647157,0.0,0.0,8,1.0,600,1
455,2,0,0,1.0,fixed,0.5,20,8,0,20,9418,1.371932,0.372172,1.744104,0.118303,0.715693,0.0,0.0,8,1.0,600,1
456,1,0,0,1.0,fixed,0.5,15,8,0,15,9433,1.423439,0.494517,1.917955,0.118303,0.690595,0.0,0.0,8,1.0,600,1
457,1,0,0,1.0,fixed,0.5,19,8,0,19,9452,1.393814,0.431246,1.82506,0.118303,0.734206,0.0,0.0,8,1.0,600,1
458,2,0,0,1.0,fixed,0.5,22,8,0,22,9474,1.482866,0.405817,1.888683,0.118303,0.673395,0.0,0.0,8,1.0,600,1
459,1,0,0,1.0,fixed,0.5,31,8,0,31,9505,1.458632,0.364346,1.822978,0.118303,0.727018,0.0,0.0,8,1.0,600,1
460,2,0,0,1.0,fixed,0.5,26,8,0,26,9531,1.243427,0.392625,1.636052,0.118303,0.749904,0.0,0.0,8,1.0,600,1
461,2,0,0,1.0,fixed,0.5,16,8,0,16,9547,1.298074,0.372411,1.670485,0.118303,0.646912,0.0,0.0,8,1.0,600,1
462,2,0,0,1.0,fixed,0.5,6,2,0,6,9553,1.432178,0.262945,1.695123,0.118303,0.63133,1.0,0.0,8,1.0,600,1
463,2,0,0,1.0,fixed,0.5,18,8,0,18,9571,1.332711,0.461112,1.793823,0.118303,0.706733,0.0,0.0,8,1.0,600,1
464,2,0,0,1.0,fixed,0.5,26,7,0,26,9597,1.357158,0.324348,1.681506,0.118303,0.679915,0.0,0.0,8,1.0,600,1
465,2,0,0,1.0,fixed,0.5,20,7,0,20,9617,1.247986,0.426454,1.674439,0.118303,0.549833,0.0,0.0,8,1.0,600,1
466,2,0,0,1.0,fixed,0.5,14,7,0,14,9631,1.274172,0.395844,1.670016,0.118303,0.638445,0.0,0.0,8,1.0,600,1
467,1,0,0,1.0,fixed,0.5,19,7,0,19,9650,1.235243,0.367472,1.602715,0.118303,0.727968,0.0,0.0,8,1.0,600,1
468,1,0,0,1.0,fixed,0.5,19,7,0,19,9669,1.316616,0.529466,1.846082,0.118303,0.640805,0.0,0.0,8,1.0,600,1
469,2,0,0,1.0,fixed,0.5,22,7,0,22,9691,1.308971,0.428773,1.737744,0.118303,0.698664,0.0,0.0,8,1.0,600,1
470,2,0,0,1.0,fixed,0.5,14,6,0,14,9705,1.216351,0.406531,1.622882,0.118303,0.683639,0.0,0.0,8,1.0,600,1
471,1,0,0,1.0,fixed,0.5,5,1,0,5,9710,1.306878,0.339819,1.646697,0.118303,0.624708,1.0,0.0,8,1.0,600,1
472,2,0,0,1.0,fixed,0.5,22,6,0,22,9732,1.318174,0.487745,1.805918,0.118303,0.640765,0.0,0.0,8,1.0,600,1
473,2,0,0,1.0,fixed,0.5,18,8,0,18,9750,1.518478,0.441509,1.959987,0.118303,0.725747,0.0,0.0,8,1.0,600,1
474,2,0,0,1.0,fixed,0.5,12,5,0,12,9762,1.303151,0.388549,1.691699,0.118303,0.645242,0.0,0.0,8,1.0,600,1
475,2,0,0,1.0,fixed,0.5,22,8,0,22,9784,1.407332,0.510228,1.917561,0.118303,0.736151,0.0,0.0,8,1.0,600,1
476,1,0,0,1.0,fixed,0.5,13,5,0,13,9797,1.302711,0.462813,1.765525,0.118303,0.723514,0.0,0.0,8,1.0,600,1
477,2,0,0,1.0,fixed,0.5,8,4,0,8,9805,1.334583,0.368312,1.702896,0.118303,0.687396,1.0,0.0,8,1.0,600,1
478,1,0,0,1.0,fixed,0.5,19,7,0,19,9824,1.222881,0.492386,1.715267,0.118303,0.692294,0.0,0.0,8,1.0,600,1
479,2,0,0,1.0,fixed,0.5,24,7,0,24,9848,1.33171,0.426986,1.758695,0.118303,0.658319,0.0,0.0,8,1.0,600,1
480,2,0,0,1.0,fixed,0.5,26,7,0,26,9874,1.35726,0.424621,1.781882,0.118303,0.758315,0.0,0.0,8,1.0,600,1
481,2,0,0,1.0,fixed,0.5,16,8,0,16,9890,1.349801,0.479661,1.829461,0.118303,0.680822,0.0,0.0,8,1.0,600,1
482,2,1,1,0.3,fixed,0.5,70,8,0,70,9960,1.451823,0.434053,1.885876,0.118303,0.821965,0.0,0.0,8,1.0,600,1
483,2,0,0,1.0,fixed,0.5,20,8,0,20,9980,1.317409,0.408925,1.726334,0.118303,0.686644,0.0,0.0,8,1.0,600,1
484,1,0,0,1.0,fixed,0.5,17,7,0,17,9997,1.401641,0.481717,1.883358,0.118303,0.60601,0.0,0.0,8,1.0,600,1
485,2,0,0,1.0,fixed,0.5,16,6,0,16,10013,1.353459,0.420127,1.773586,0.118303,0.551753,0.0,0.0,8,1.0,600,1
486,2,0,0,1.0,fixed,0.5,10,4,0,10,10023,1.429142,0.311157,1.740299,0.118303,0.578464,0.0,0.0,8,1.0,600,1
487,2,0,0,1.0,fixed,0.5,14,7,0,14,10037,1.421686,0.394157,1.815843,0.118303,0.734319,0.0,0.0,8,1.0,600,1
488,1,0,0,1.0,fixed,0.5,19,7,0,19,10056,1.348249,0.401379,1.749628,0.118303,0.637993,0.0,0.0,8,1.0,600,1
489,1,0,0,1.0,fixed,0.5,29,8,0,29,10085,1.326826,0.293896,1.620723,0.118303,0.706177,0.0,0.0,8,1.0,600,1
490,2,0,0,1.0,fixed,0.5,8,4,0,8,10093,1.406907,0.37907,1.785977,0.118303,0.662145,1.0,0.0,8,1.0,600,1
491,1,0,0,1.0,fixed,0.5,15,6,0,15,10108,1.256023,0.405044,1.661068,0.118303,0.587646,0.0,0.0,8,1.0,600,1
492,1,0,0,1.0,fixed,0.5,27,7,0,27,10135,1.342488,0.39217,1.734658,0.118303,0.735609,0.0,0.0,8,1.0,600,1
493,2,0,0,1.0,fixed,0.5,18,6,0,18,10153,1.311921,0.453376,1.765297,0.118303,0.710814,0.0,0.0,8,1.0,600,1
494,2,0,0,1.0,fixed,0.5,18,7,0,18,10171,1.3109,0.406156,1.717055,0.118303,0.659061,0.0,0.0,8,1.0,600,1
495,2,0,0,1.0,fixed,0.5,16,7,0,16,10187,1.385996,0.39088,1.776875,0.118303,0.70409,0.0,0.0,8,1.0,600,1
496,1,0,0,1.0,fixed,0.5,17,7,0,17,10204,1.323931,0.337637,1.661568,0.118303,0.632918,0.0,0.0,8,1.0,600,1
497,2,0,0,1.0,fixed,0.5,16,6,0,16,10220,1.447896,0.36197,1.809866,0.118303,0.647016,0.0,0.0,8,1.0,600,1
498,1,0,0,1.0,fixed,0.5,13,7,0,13,10233,1.365067,0.365445,1.730512,0.118303,0.662771,0.0,0.0,8,1.0,600,1
499,2,0,0,1.0,fixed,0.5,16,6,0,16,10249,1.425562,0.394946,1.820508,0.118303,0.605384,0.0,0.0,8,1.0,600,1
500,2,0,0,1.0,fixed,0.5,28,8,0,28,10277,1.428987,0.40651,1.835497,0.118303,0.689363,0.0,0.0,8,1.0,600,1
